[1m[0mINFO[0m[1m[23m[24m[27m[28m[29m[39m[49m[0m[0m[1m[23m[24m[27m[28m[29m[39m[49m[22m [[3m2025-01-03 01:11:17[23m] [38;5;246mAttempting to sign in user with email: info@btgphysicaltherapy.com[39m[0m[0m[22m[23m[24m[27m[28m[29m[39m[49m
[1m[0mINFO[0m[1m[23m[24m[27m[28m[29m[39m[49m[0m[0m[1m[23m[24m[27m[28m[29m[39m[49m[22m [[3m2025-01-03 01:11:17[23m] [38;5;246mUser signed in successfully: info@btgphysicaltherapy.com[39m[0m[0m[22m[23m[24m[27m[28m[29m[39m[49m
[1m[0mINFO[0m[1m[23m[24m[27m[28m[29m[39m[49m[0m[0m[1m[23m[24m[27m[28m[29m[39m[49m[22m [[3m2025-01-03 01:16:28[23m] [38;5;246mAttempting to sign in user with email: ghouse.performance@gmail.com[39m[0m[0m[22m[23m[24m[27m[28m[29m[39m[49m
[1m[0mINFO[0m[1m[23m[24m[27m[28m[29m[39m[49m[0m[0m[1m[23m[24m[27m[28m[29m[39m[49m[22m [[3m2025-01-03 01:16:28[23m] [38;5;246mUser signed in successfully: ghouse.performance@gmail.com[39m[0m[0m[22m[23m[24m[27m[28m[29m[39m[49m
[1m[0mINFO[0m[1m[23m[24m[27m[28m[29m[39m[49m[0m[0m[1m[23m[24m[27m[28m[29m[39m[49m[22m [[3m2025-01-03 01:17:19[23m] [38;5;246mAttempting to sign in user with email: info@btgphysicaltherapy.com[39m[0m[0m[22m[23m[24m[27m[28m[29m[39m[49m
[1m[0mINFO[0m[1m[23m[24m[27m[28m[29m[39m[49m[0m[0m[1m[23m[24m[27m[28m[29m[39m[49m[22m [[3m2025-01-03 01:17:19[23m] [38;5;246mUser signed in successfully: info@btgphysicaltherapy.com[39m[0m[0m[22m[23m[24m[27m[28m[29m[39m[49m
[1m[1m[38;5;34mSUCCESS[39m[1m[0m[0m[1m[23m[24m[27m[28m[29m[39m[49m[22m [[3m2025-01-03 01:17:28[23m] [38;5;248mhawkinR/get_access -> Your access token was recieved and stored for use by other hawkinR functions. Your token will expire at 2025-01-03 02:17:29[39m[0m[0m[22m[23m[24m[27m[28m[29m[39m[49m
[1m[1m[38;5;34mSUCCESS[39m[1m[0m[0m[1m[23m[24m[27m[28m[29m[39m[49m[22m [[3m2025-01-03 01:17:31[23m] [38;5;248mhawkinR/get_athletes -> 738 athletes returned[39m[0m[0m[22m[23m[24m[27m[28m[29m[39m[49m
[1m[0mINFO[0m[1m[23m[24m[27m[28m[29m[39m[49m[0m[0m[1m[23m[24m[27m[28m[29m[39m[49m[22m [[3m2025-01-03 01:19:28[23m] [38;5;246mAttempting to sign in user with email: info@btgphysicaltherapy.com[39m[0m[0m[22m[23m[24m[27m[28m[29m[39m[49m
[1m[0mINFO[0m[1m[23m[24m[27m[28m[29m[39m[49m[0m[0m[1m[23m[24m[27m[28m[29m[39m[49m[22m [[3m2025-01-03 01:19:28[23m] [38;5;246mUser signed in successfully: info@btgphysicaltherapy.com[39m[0m[0m[22m[23m[24m[27m[28m[29m[39m[49m
[1m[1m[38;5;34mSUCCESS[39m[1m[0m[0m[1m[23m[24m[27m[28m[29m[39m[49m[22m [[3m2025-01-03 01:19:36[23m] [38;5;248mhawkinR/get_access -> Your access token was recieved and stored for use by other hawkinR functions. Your token will expire at 2025-01-03 02:19:36[39m[0m[0m[22m[23m[24m[27m[28m[29m[39m[49m
[1m[0mINFO[0m[1m[23m[24m[27m[28m[29m[39m[49m[0m[0m[1m[23m[24m[27m[28m[29m[39m[49m[22m [[3m2025-01-03 01:20:44[23m] [38;5;246mAttempting to sign in user with email: info@btgphysicaltherapy.com[39m[0m[0m[22m[23m[24m[27m[28m[29m[39m[49m
[1m[0mINFO[0m[1m[23m[24m[27m[28m[29m[39m[49m[0m[0m[1m[23m[24m[27m[28m[29m[39m[49m[22m [[3m2025-01-03 01:20:44[23m] [38;5;246mUser signed in successfully: info@btgphysicaltherapy.com[39m[0m[0m[22m[23m[24m[27m[28m[29m[39m[49m
[1m[1m[38;5;34mSUCCESS[39m[1m[0m[0m[1m[23m[24m[27m[28m[29m[39m[49m[22m [[3m2025-01-03 01:20:53[23m] [38;5;248mhawkinR/get_access -> Your access token was recieved and stored for use by other hawkinR functions. Your token will expire at 2025-01-03 02:20:53[39m[0m[0m[22m[23m[24m[27m[28m[29m[39m[49m
[1m[38;5;214mWARN[39m[0m[0m[1m[23m[24m[27m[28m[29m[39m[49m[22m [[3m2025-01-03 01:20:54[23m] [38;5;251mhawkinR/get_tests -> Error: No tests returned meeting those query parameters[39m[0m[0m[22m[23m[24m[27m[28m[29m[39m[49m
[1m[0mINFO[0m[1m[23m[24m[27m[28m[29m[39m[49m[0m[0m[1m[23m[24m[27m[28m[29m[39m[49m[22m [[3m2025-01-03 01:22:33[23m] [38;5;246mAttempting to sign in user with email: info@btgphysicaltherapy.com[39m[0m[0m[22m[23m[24m[27m[28m[29m[39m[49m
[1m[0mINFO[0m[1m[23m[24m[27m[28m[29m[39m[49m[0m[0m[1m[23m[24m[27m[28m[29m[39m[49m[22m [[3m2025-01-03 01:22:33[23m] [38;5;246mUser signed in successfully: info@btgphysicaltherapy.com[39m[0m[0m[22m[23m[24m[27m[28m[29m[39m[49m
[1m[1m[38;5;34mSUCCESS[39m[1m[0m[0m[1m[23m[24m[27m[28m[29m[39m[49m[22m [[3m2025-01-03 01:22:41[23m] [38;5;248mhawkinR/get_access -> Your access token was recieved and stored for use by other hawkinR functions. Your token will expire at 2025-01-03 02:22:41[39m[0m[0m[22m[23m[24m[27m[28m[29m[39m[49m
[1m[38;5;214mWARN[39m[0m[0m[1m[23m[24m[27m[28m[29m[39m[49m[22m [[3m2025-01-03 01:22:42[23m] [38;5;251mhawkinR/get_tests -> Error: No tests returned meeting those query parameters[39m[0m[0m[22m[23m[24m[27m[28m[29m[39m[49m
[1m[0mINFO[0m[1m[23m[24m[27m[28m[29m[39m[49m[0m[0m[1m[23m[24m[27m[28m[29m[39m[49m[22m [[3m2025-01-03 01:27:03[23m] [38;5;246mAttempting to sign in user with email: info@btgphysicaltherapy.com[39m[0m[0m[22m[23m[24m[27m[28m[29m[39m[49m
[1m[0mINFO[0m[1m[23m[24m[27m[28m[29m[39m[49m[0m[0m[1m[23m[24m[27m[28m[29m[39m[49m[22m [[3m2025-01-03 01:27:03[23m] [38;5;246mUser signed in successfully: info@btgphysicaltherapy.com[39m[0m[0m[22m[23m[24m[27m[28m[29m[39m[49m
[1m[1m[38;5;34mSUCCESS[39m[1m[0m[0m[1m[23m[24m[27m[28m[29m[39m[49m[22m [[3m2025-01-03 01:27:12[23m] [38;5;248mhawkinR/get_access -> Your access token was recieved and stored for use by other hawkinR functions. Your token will expire at 2025-01-03 02:27:12[39m[0m[0m[22m[23m[24m[27m[28m[29m[39m[49m
[1m[38;5;214mWARN[39m[0m[0m[1m[23m[24m[27m[28m[29m[39m[49m[22m [[3m2025-01-03 01:27:12[23m] [38;5;251mhawkinR/get_tests -> Error: No tests returned meeting those query parameters[39m[0m[0m[22m[23m[24m[27m[28m[29m[39m[49m
[1m[0mINFO[0m[1m[23m[24m[27m[28m[29m[39m[49m[0m[0m[1m[23m[24m[27m[28m[29m[39m[49m[22m [[3m2025-01-03 01:36:59[23m] [38;5;246mAttempting to sign in user with email: info@btgphysicaltherapy.com[39m[0m[0m[22m[23m[24m[27m[28m[29m[39m[49m
[1m[0mINFO[0m[1m[23m[24m[27m[28m[29m[39m[49m[0m[0m[1m[23m[24m[27m[28m[29m[39m[49m[22m [[3m2025-01-03 01:37:00[23m] [38;5;246mUser signed in successfully: info@btgphysicaltherapy.com[39m[0m[0m[22m[23m[24m[27m[28m[29m[39m[49m
[1m[1m[38;5;34mSUCCESS[39m[1m[0m[0m[1m[23m[24m[27m[28m[29m[39m[49m[22m [[3m2025-01-03 01:37:09[23m] [38;5;248mhawkinR/get_access -> Your access token was recieved and stored for use by other hawkinR functions. Your token will expire at 2025-01-03 02:37:09[39m[0m[0m[22m[23m[24m[27m[28m[29m[39m[49m
[1m[38;5;214mWARN[39m[0m[0m[1m[23m[24m[27m[28m[29m[39m[49m[22m [[3m2025-01-03 01:37:12[23m] [38;5;251mhawkinR/get_tests -> Error: No tests returned meeting those query parameters[39m[0m[0m[22m[23m[24m[27m[28m[29m[39m[49m
[1m[0mINFO[0m[1m[23m[24m[27m[28m[29m[39m[49m[0m[0m[1m[23m[24m[27m[28m[29m[39m[49m[22m [[3m2025-01-03 01:37:57[23m] [38;5;246mAttempting to sign in user with email: info@btgphysicaltherapy.com[39m[0m[0m[22m[23m[24m[27m[28m[29m[39m[49m
[1m[0mINFO[0m[1m[23m[24m[27m[28m[29m[39m[49m[0m[0m[1m[23m[24m[27m[28m[29m[39m[49m[22m [[3m2025-01-03 01:37:57[23m] [38;5;246mUser signed in successfully: info@btgphysicaltherapy.com[39m[0m[0m[22m[23m[24m[27m[28m[29m[39m[49m
[1m[1m[38;5;34mSUCCESS[39m[1m[0m[0m[1m[23m[24m[27m[28m[29m[39m[49m[22m [[3m2025-01-03 01:38:06[23m] [38;5;248mhawkinR/get_access -> Your access token was recieved and stored for use by other hawkinR functions. Your token will expire at 2025-01-03 02:38:06[39m[0m[0m[22m[23m[24m[27m[28m[29m[39m[49m
[1m[38;5;214mWARN[39m[0m[0m[1m[23m[24m[27m[28m[29m[39m[49m[22m [[3m2025-01-03 01:38:08[23m] [38;5;251mhawkinR/get_tests -> Error: No tests returned meeting those query parameters[39m[0m[0m[22m[23m[24m[27m[28m[29m[39m[49m
[1m[0mINFO[0m[1m[23m[24m[27m[28m[29m[39m[49m[0m[0m[1m[23m[24m[27m[28m[29m[39m[49m[22m [[3m2025-01-03 01:43:40[23m] [38;5;246mAttempting to sign in user with email: info@btgphysicaltherapy.com[39m[0m[0m[22m[23m[24m[27m[28m[29m[39m[49m
[1m[0mINFO[0m[1m[23m[24m[27m[28m[29m[39m[49m[0m[0m[1m[23m[24m[27m[28m[29m[39m[49m[22m [[3m2025-01-03 01:43:41[23m] [38;5;246mUser signed in successfully: info@btgphysicaltherapy.com[39m[0m[0m[22m[23m[24m[27m[28m[29m[39m[49m
[1m[1m[38;5;34mSUCCESS[39m[1m[0m[0m[1m[23m[24m[27m[28m[29m[39m[49m[22m [[3m2025-01-03 01:43:50[23m] [38;5;248mhawkinR/get_access -> Your access token was recieved and stored for use by other hawkinR functions. Your token will expire at 2025-01-03 02:43:50[39m[0m[0m[22m[23m[24m[27m[28m[29m[39m[49m
[1m[38;5;214mWARN[39m[0m[0m[1m[23m[24m[27m[28m[29m[39m[49m[22m [[3m2025-01-03 01:43:52[23m] [38;5;251mhawkinR/get_tests -> Error: No tests returned meeting those query parameters[39m[0m[0m[22m[23m[24m[27m[28m[29m[39m[49m
[1m[0mINFO[0m[1m[23m[24m[27m[28m[29m[39m[49m[0m[0m[1m[23m[24m[27m[28m[29m[39m[49m[22m [[3m2025-01-03 01:48:22[23m] [38;5;246mAttempting to sign in user with email: info@btgphysicaltherapy.com[39m[0m[0m[22m[23m[24m[27m[28m[29m[39m[49m
[1m[0mINFO[0m[1m[23m[24m[27m[28m[29m[39m[49m[0m[0m[1m[23m[24m[27m[28m[29m[39m[49m[22m [[3m2025-01-03 01:48:22[23m] [38;5;246mUser signed in successfully: info@btgphysicaltherapy.com[39m[0m[0m[22m[23m[24m[27m[28m[29m[39m[49m
[1m[1m[38;5;34mSUCCESS[39m[1m[0m[0m[1m[23m[24m[27m[28m[29m[39m[49m[22m [[3m2025-01-03 01:48:31[23m] [38;5;248mhawkinR/get_access -> Your access token was recieved and stored for use by other hawkinR functions. Your token will expire at 2025-01-03 02:48:32[39m[0m[0m[22m[23m[24m[27m[28m[29m[39m[49m
[1m[38;5;214mWARN[39m[0m[0m[1m[23m[24m[27m[28m[29m[39m[49m[22m [[3m2025-01-03 01:48:32[23m] [38;5;251mhawkinR/get_tests -> Error: No tests returned meeting those query parameters[39m[0m[0m[22m[23m[24m[27m[28m[29m[39m[49m
[1m[0mINFO[0m[1m[23m[24m[27m[28m[29m[39m[49m[0m[0m[1m[23m[24m[27m[28m[29m[39m[49m[22m [[3m2025-01-03 01:49:12[23m] [38;5;246mAttempting to sign in user with email: info@btgphysicaltherapy.com[39m[0m[0m[22m[23m[24m[27m[28m[29m[39m[49m
[1m[0mINFO[0m[1m[23m[24m[27m[28m[29m[39m[49m[0m[0m[1m[23m[24m[27m[28m[29m[39m[49m[22m [[3m2025-01-03 01:49:12[23m] [38;5;246mUser signed in successfully: info@btgphysicaltherapy.com[39m[0m[0m[22m[23m[24m[27m[28m[29m[39m[49m
[1m[1m[38;5;34mSUCCESS[39m[1m[0m[0m[1m[23m[24m[27m[28m[29m[39m[49m[22m [[3m2025-01-03 01:49:21[23m] [38;5;248mhawkinR/get_access -> Your access token was recieved and stored for use by other hawkinR functions. Your token will expire at 2025-01-03 02:49:22[39m[0m[0m[22m[23m[24m[27m[28m[29m[39m[49m
[1m[38;5;214mWARN[39m[0m[0m[1m[23m[24m[27m[28m[29m[39m[49m[22m [[3m2025-01-03 01:49:23[23m] [38;5;251mhawkinR/get_tests -> Error: No tests returned meeting those query parameters[39m[0m[0m[22m[23m[24m[27m[28m[29m[39m[49m
[1m[0mINFO[0m[1m[23m[24m[27m[28m[29m[39m[49m[0m[0m[1m[23m[24m[27m[28m[29m[39m[49m[22m [[3m2025-01-03 02:11:32[23m] [38;5;246mAttempting to sign in user with email: info@btgphysicaltherapy.com[39m[0m[0m[22m[23m[24m[27m[28m[29m[39m[49m
[1m[0mINFO[0m[1m[23m[24m[27m[28m[29m[39m[49m[0m[0m[1m[23m[24m[27m[28m[29m[39m[49m[22m [[3m2025-01-03 02:11:32[23m] [38;5;246mUser signed in successfully: info@btgphysicaltherapy.com[39m[0m[0m[22m[23m[24m[27m[28m[29m[39m[49m
[1m[1m[38;5;34mSUCCESS[39m[1m[0m[0m[1m[23m[24m[27m[28m[29m[39m[49m[22m [[3m2025-01-03 02:11:41[23m] [38;5;248mhawkinR/get_access -> Your access token was recieved and stored for use by other hawkinR functions. Your token will expire at 2025-01-03 03:11:41[39m[0m[0m[22m[23m[24m[27m[28m[29m[39m[49m
[1m[38;5;214mWARN[39m[0m[0m[1m[23m[24m[27m[28m[29m[39m[49m[22m [[3m2025-01-03 02:11:41[23m] [38;5;251mhawkinR/get_tests -> Error: No tests returned meeting those query parameters[39m[0m[0m[22m[23m[24m[27m[28m[29m[39m[49m
[1m[0mINFO[0m[1m[23m[24m[27m[28m[29m[39m[49m[0m[0m[1m[23m[24m[27m[28m[29m[39m[49m[22m [[3m2025-01-03 02:13:05[23m] [38;5;246mAttempting to sign in user with email: info@btgphysicaltherapy.com[39m[0m[0m[22m[23m[24m[27m[28m[29m[39m[49m
[1m[0mINFO[0m[1m[23m[24m[27m[28m[29m[39m[49m[0m[0m[1m[23m[24m[27m[28m[29m[39m[49m[22m [[3m2025-01-03 02:13:06[23m] [38;5;246mUser signed in successfully: info@btgphysicaltherapy.com[39m[0m[0m[22m[23m[24m[27m[28m[29m[39m[49m
[1m[1m[38;5;34mSUCCESS[39m[1m[0m[0m[1m[23m[24m[27m[28m[29m[39m[49m[22m [[3m2025-01-03 02:13:16[23m] [38;5;248mhawkinR/get_access -> Your access token was recieved and stored for use by other hawkinR functions. Your token will expire at 2025-01-03 03:13:16[39m[0m[0m[22m[23m[24m[27m[28m[29m[39m[49m
[1m[38;5;214mWARN[39m[0m[0m[1m[23m[24m[27m[28m[29m[39m[49m[22m [[3m2025-01-03 02:13:17[23m] [38;5;251mhawkinR/get_tests -> Error: No tests returned meeting those query parameters[39m[0m[0m[22m[23m[24m[27m[28m[29m[39m[49m
[1m[0mINFO[0m[1m[23m[24m[27m[28m[29m[39m[49m[0m[0m[1m[23m[24m[27m[28m[29m[39m[49m[22m [[3m2025-01-03 02:14:56[23m] [38;5;246mAttempting to sign in user with email: info@btgphysicaltherapy.com[39m[0m[0m[22m[23m[24m[27m[28m[29m[39m[49m
[1m[0mINFO[0m[1m[23m[24m[27m[28m[29m[39m[49m[0m[0m[1m[23m[24m[27m[28m[29m[39m[49m[22m [[3m2025-01-03 02:14:57[23m] [38;5;246mUser signed in successfully: info@btgphysicaltherapy.com[39m[0m[0m[22m[23m[24m[27m[28m[29m[39m[49m
[1m[1m[38;5;34mSUCCESS[39m[1m[0m[0m[1m[23m[24m[27m[28m[29m[39m[49m[22m [[3m2025-01-03 02:15:05[23m] [38;5;248mhawkinR/get_access -> Your access token was recieved and stored for use by other hawkinR functions. Your token will expire at 2025-01-03 03:15:05[39m[0m[0m[22m[23m[24m[27m[28m[29m[39m[49m
[1m[38;5;214mWARN[39m[0m[0m[1m[23m[24m[27m[28m[29m[39m[49m[22m [[3m2025-01-03 02:15:06[23m] [38;5;251mhawkinR/get_tests -> Error: No tests returned meeting those query parameters[39m[0m[0m[22m[23m[24m[27m[28m[29m[39m[49m
[1m[0mINFO[0m[1m[23m[24m[27m[28m[29m[39m[49m[0m[0m[1m[23m[24m[27m[28m[29m[39m[49m[22m [[3m2025-01-03 02:17:28[23m] [38;5;246mAttempting to sign in user with email: info@btgphysicaltherapy.com[39m[0m[0m[22m[23m[24m[27m[28m[29m[39m[49m
[1m[0mINFO[0m[1m[23m[24m[27m[28m[29m[39m[49m[0m[0m[1m[23m[24m[27m[28m[29m[39m[49m[22m [[3m2025-01-03 02:17:29[23m] [38;5;246mUser signed in successfully: info@btgphysicaltherapy.com[39m[0m[0m[22m[23m[24m[27m[28m[29m[39m[49m
[1m[1m[38;5;34mSUCCESS[39m[1m[0m[0m[1m[23m[24m[27m[28m[29m[39m[49m[22m [[3m2025-01-03 02:17:36[23m] [38;5;248mhawkinR/get_access -> Your access token was recieved and stored for use by other hawkinR functions. Your token will expire at 2025-01-03 03:17:37[39m[0m[0m[22m[23m[24m[27m[28m[29m[39m[49m
[1m[38;5;214mWARN[39m[0m[0m[1m[23m[24m[27m[28m[29m[39m[49m[22m [[3m2025-01-03 02:17:37[23m] [38;5;251mhawkinR/get_tests -> Error: No tests returned meeting those query parameters[39m[0m[0m[22m[23m[24m[27m[28m[29m[39m[49m
[1m[0mINFO[0m[1m[23m[24m[27m[28m[29m[39m[49m[0m[0m[1m[23m[24m[27m[28m[29m[39m[49m[22m [[3m2025-01-03 02:20:53[23m] [38;5;246mAttempting to sign in user with email: info@btgphysicaltherapy.com[39m[0m[0m[22m[23m[24m[27m[28m[29m[39m[49m
[1m[0mINFO[0m[1m[23m[24m[27m[28m[29m[39m[49m[0m[0m[1m[23m[24m[27m[28m[29m[39m[49m[22m [[3m2025-01-03 02:20:53[23m] [38;5;246mUser signed in successfully: info@btgphysicaltherapy.com[39m[0m[0m[22m[23m[24m[27m[28m[29m[39m[49m
[1m[1m[38;5;34mSUCCESS[39m[1m[0m[0m[1m[23m[24m[27m[28m[29m[39m[49m[22m [[3m2025-01-03 02:21:04[23m] [38;5;248mhawkinR/get_access -> Your access token was recieved and stored for use by other hawkinR functions. Your token will expire at 2025-01-03 03:21:04[39m[0m[0m[22m[23m[24m[27m[28m[29m[39m[49m
[1m[38;5;214mWARN[39m[0m[0m[1m[23m[24m[27m[28m[29m[39m[49m[22m [[3m2025-01-03 02:21:04[23m] [38;5;251mhawkinR/get_tests -> Error: No tests returned meeting those query parameters[39m[0m[0m[22m[23m[24m[27m[28m[29m[39m[49m
[1m[0mINFO[0m[1m[23m[24m[27m[28m[29m[39m[49m[0m[0m[1m[23m[24m[27m[28m[29m[39m[49m[22m [[3m2025-01-03 02:24:53[23m] [38;5;246mAttempting to sign in user with email: info@btgphysicaltherapy.com[39m[0m[0m[22m[23m[24m[27m[28m[29m[39m[49m
[1m[0mINFO[0m[1m[23m[24m[27m[28m[29m[39m[49m[0m[0m[1m[23m[24m[27m[28m[29m[39m[49m[22m [[3m2025-01-03 02:24:53[23m] [38;5;246mUser signed in successfully: info@btgphysicaltherapy.com[39m[0m[0m[22m[23m[24m[27m[28m[29m[39m[49m
[1m[1m[38;5;34mSUCCESS[39m[1m[0m[0m[1m[23m[24m[27m[28m[29m[39m[49m[22m [[3m2025-01-03 02:25:02[23m] [38;5;248mhawkinR/get_access -> Your access token was recieved and stored for use by other hawkinR functions. Your token will expire at 2025-01-03 03:25:02[39m[0m[0m[22m[23m[24m[27m[28m[29m[39m[49m
[1m[38;5;214mWARN[39m[0m[0m[1m[23m[24m[27m[28m[29m[39m[49m[22m [[3m2025-01-03 02:25:03[23m] [38;5;251mhawkinR/get_tests -> Error: No tests returned meeting those query parameters[39m[0m[0m[22m[23m[24m[27m[28m[29m[39m[49m
[1m[0mINFO[0m[1m[23m[24m[27m[28m[29m[39m[49m[0m[0m[1m[23m[24m[27m[28m[29m[39m[49m[22m [[3m2025-01-03 02:27:53[23m] [38;5;246mAttempting to sign in user with email: info@btgphysicaltherapy.com[39m[0m[0m[22m[23m[24m[27m[28m[29m[39m[49m
[1m[0mINFO[0m[1m[23m[24m[27m[28m[29m[39m[49m[0m[0m[1m[23m[24m[27m[28m[29m[39m[49m[22m [[3m2025-01-03 02:27:53[23m] [38;5;246mUser signed in successfully: info@btgphysicaltherapy.com[39m[0m[0m[22m[23m[24m[27m[28m[29m[39m[49m
[1m[1m[38;5;34mSUCCESS[39m[1m[0m[0m[1m[23m[24m[27m[28m[29m[39m[49m[22m [[3m2025-01-03 02:28:04[23m] [38;5;248mhawkinR/get_access -> Your access token was recieved and stored for use by other hawkinR functions. Your token will expire at 2025-01-03 03:28:04[39m[0m[0m[22m[23m[24m[27m[28m[29m[39m[49m
[1m[38;5;214mWARN[39m[0m[0m[1m[23m[24m[27m[28m[29m[39m[49m[22m [[3m2025-01-03 02:28:04[23m] [38;5;251mhawkinR/get_tests -> Error: No tests returned meeting those query parameters[39m[0m[0m[22m[23m[24m[27m[28m[29m[39m[49m
[1m[0mINFO[0m[1m[23m[24m[27m[28m[29m[39m[49m[0m[0m[1m[23m[24m[27m[28m[29m[39m[49m[22m [[3m2025-01-03 02:51:20[23m] [38;5;246mAttempting to sign in user with email: info@btgphysicaltherapy.com[39m[0m[0m[22m[23m[24m[27m[28m[29m[39m[49m
[1m[0mINFO[0m[1m[23m[24m[27m[28m[29m[39m[49m[0m[0m[1m[23m[24m[27m[28m[29m[39m[49m[22m [[3m2025-01-03 02:51:20[23m] [38;5;246mUser signed in successfully: info@btgphysicaltherapy.com[39m[0m[0m[22m[23m[24m[27m[28m[29m[39m[49m
[1m[1m[38;5;34mSUCCESS[39m[1m[0m[0m[1m[23m[24m[27m[28m[29m[39m[49m[22m [[3m2025-01-03 02:51:30[23m] [38;5;248mhawkinR/get_access -> Your access token was recieved and stored for use by other hawkinR functions. Your token will expire at 2025-01-03 03:51:30[39m[0m[0m[22m[23m[24m[27m[28m[29m[39m[49m
[1m[0mINFO[0m[1m[23m[24m[27m[28m[29m[39m[49m[0m[0m[1m[23m[24m[27m[28m[29m[39m[49m[22m [[3m2025-01-03 02:52:36[23m] [38;5;246mAttempting to sign in user with email: info@btgphysicaltherapy.com[39m[0m[0m[22m[23m[24m[27m[28m[29m[39m[49m
[1m[0mINFO[0m[1m[23m[24m[27m[28m[29m[39m[49m[0m[0m[1m[23m[24m[27m[28m[29m[39m[49m[22m [[3m2025-01-03 02:52:37[23m] [38;5;246mUser signed in successfully: info@btgphysicaltherapy.com[39m[0m[0m[22m[23m[24m[27m[28m[29m[39m[49m
[1m[1m[38;5;34mSUCCESS[39m[1m[0m[0m[1m[23m[24m[27m[28m[29m[39m[49m[22m [[3m2025-01-03 02:52:45[23m] [38;5;248mhawkinR/get_access -> Your access token was recieved and stored for use by other hawkinR functions. Your token will expire at 2025-01-03 03:52:45[39m[0m[0m[22m[23m[24m[27m[28m[29m[39m[49m
[1m[1m[38;5;34mSUCCESS[39m[1m[0m[0m[1m[23m[24m[27m[28m[29m[39m[49m[22m [[3m2025-01-03 02:52:47[23m] [38;5;248mhawkinR/get_tests -> 29 active tests returned. Last tested: 2025-01-02 11:18:32 | Last Synced: 2025-01-02 11:18:49[39m[0m[0m[22m[23m[24m[27m[28m[29m[39m[49m
[1m[1m[38;5;34mSUCCESS[39m[1m[0m[0m[1m[23m[24m[27m[28m[29m[39m[49m[22m [[3m2025-01-03 03:00:14[23m] [38;5;248mhawkinR/get_tests -> 29 active tests returned. Last tested: 2025-01-02 11:18:32 | Last Synced: 2025-01-02 11:18:49[39m[0m[0m[22m[23m[24m[27m[28m[29m[39m[49m
[1m[0mINFO[0m[1m[23m[24m[27m[28m[29m[39m[49m[0m[0m[1m[23m[24m[27m[28m[29m[39m[49m[22m [[3m2025-01-03 03:05:07[23m] [38;5;246mAttempting to sign in user with email: info@btgphysicaltherapy.com[39m[0m[0m[22m[23m[24m[27m[28m[29m[39m[49m
[1m[0mINFO[0m[1m[23m[24m[27m[28m[29m[39m[49m[0m[0m[1m[23m[24m[27m[28m[29m[39m[49m[22m [[3m2025-01-03 03:05:07[23m] [38;5;246mUser signed in successfully: info@btgphysicaltherapy.com[39m[0m[0m[22m[23m[24m[27m[28m[29m[39m[49m
[1m[1m[38;5;34mSUCCESS[39m[1m[0m[0m[1m[23m[24m[27m[28m[29m[39m[49m[22m [[3m2025-01-03 03:05:15[23m] [38;5;248mhawkinR/get_access -> Your access token was recieved and stored for use by other hawkinR functions. Your token will expire at 2025-01-03 04:05:16[39m[0m[0m[22m[23m[24m[27m[28m[29m[39m[49m
[1m[1m[38;5;34mSUCCESS[39m[1m[0m[0m[1m[23m[24m[27m[28m[29m[39m[49m[22m [[3m2025-01-03 03:05:17[23m] [38;5;248mhawkinR/get_tests -> 29 active tests returned. Last tested: 2025-01-02 11:18:32 | Last Synced: 2025-01-02 11:18:49[39m[0m[0m[22m[23m[24m[27m[28m[29m[39m[49m
[1m[0mINFO[0m[1m[23m[24m[27m[28m[29m[39m[49m[0m[0m[1m[23m[24m[27m[28m[29m[39m[49m[22m [[3m2025-01-03 22:07:05[23m] [38;5;246mAttempting to sign in user with email: info@btgphysicaltherapy.com[39m[0m[0m[22m[23m[24m[27m[28m[29m[39m[49m
[1m[0mINFO[0m[1m[23m[24m[27m[28m[29m[39m[49m[0m[0m[1m[23m[24m[27m[28m[29m[39m[49m[22m [[3m2025-01-03 22:07:06[23m] [38;5;246mUser signed in successfully: info@btgphysicaltherapy.com[39m[0m[0m[22m[23m[24m[27m[28m[29m[39m[49m
[1m[0mINFO[0m[1m[23m[24m[27m[28m[29m[39m[49m[0m[0m[1m[23m[24m[27m[28m[29m[39m[49m[22m [[3m2025-01-03 22:11:54[23m] [38;5;246mAttempting to sign in user with email: info@btgphysicaltherapy.com[39m[0m[0m[22m[23m[24m[27m[28m[29m[39m[49m
[1m[0mINFO[0m[1m[23m[24m[27m[28m[29m[39m[49m[0m[0m[1m[23m[24m[27m[28m[29m[39m[49m[22m [[3m2025-01-03 22:11:54[23m] [38;5;246mUser signed in successfully: info@btgphysicaltherapy.com[39m[0m[0m[22m[23m[24m[27m[28m[29m[39m[49m
[1m[0mINFO[0m[1m[23m[24m[27m[28m[29m[39m[49m[0m[0m[1m[23m[24m[27m[28m[29m[39m[49m[22m [[3m2025-01-03 22:13:03[23m] [38;5;246mAttempting to sign in user with email: info@btgphysicaltherapy.com[39m[0m[0m[22m[23m[24m[27m[28m[29m[39m[49m
[1m[0mINFO[0m[1m[23m[24m[27m[28m[29m[39m[49m[0m[0m[1m[23m[24m[27m[28m[29m[39m[49m[22m [[3m2025-01-03 22:13:04[23m] [38;5;246mUser signed in successfully: info@btgphysicaltherapy.com[39m[0m[0m[22m[23m[24m[27m[28m[29m[39m[49m
[1m[0mINFO[0m[1m[23m[24m[27m[28m[29m[39m[49m[0m[0m[1m[23m[24m[27m[28m[29m[39m[49m[22m [[3m2025-01-03 22:20:13[23m] [38;5;246mAttempting to sign in user with email: info@btgphysicaltherapy.com[39m[0m[0m[22m[23m[24m[27m[28m[29m[39m[49m
[1m[0mINFO[0m[1m[23m[24m[27m[28m[29m[39m[49m[0m[0m[1m[23m[24m[27m[28m[29m[39m[49m[22m [[3m2025-01-03 22:20:13[23m] [38;5;246mUser signed in successfully: info@btgphysicaltherapy.com[39m[0m[0m[22m[23m[24m[27m[28m[29m[39m[49m
[1m[0mINFO[0m[1m[23m[24m[27m[28m[29m[39m[49m[0m[0m[1m[23m[24m[27m[28m[29m[39m[49m[22m [[3m2025-01-03 22:23:04[23m] [38;5;246mAttempting to sign in user with email: info@btgphysicaltherapy.com[39m[0m[0m[22m[23m[24m[27m[28m[29m[39m[49m
[1m[0mINFO[0m[1m[23m[24m[27m[28m[29m[39m[49m[0m[0m[1m[23m[24m[27m[28m[29m[39m[49m[22m [[3m2025-01-03 22:23:05[23m] [38;5;246mUser signed in successfully: info@btgphysicaltherapy.com[39m[0m[0m[22m[23m[24m[27m[28m[29m[39m[49m
[1m[0mINFO[0m[1m[23m[24m[27m[28m[29m[39m[49m[0m[0m[1m[23m[24m[27m[28m[29m[39m[49m[22m [[3m2025-01-03 22:26:51[23m] [38;5;246mAttempting to sign in user with email: info@btgphysicaltherapy.com[39m[0m[0m[22m[23m[24m[27m[28m[29m[39m[49m
[1m[0mINFO[0m[1m[23m[24m[27m[28m[29m[39m[49m[0m[0m[1m[23m[24m[27m[28m[29m[39m[49m[22m [[3m2025-01-03 22:26:52[23m] [38;5;246mUser signed in successfully: info@btgphysicaltherapy.com[39m[0m[0m[22m[23m[24m[27m[28m[29m[39m[49m
[1m[0mINFO[0m[1m[23m[24m[27m[28m[29m[39m[49m[0m[0m[1m[23m[24m[27m[28m[29m[39m[49m[22m [[3m2025-01-03 22:35:09[23m] [38;5;246mAttempting to sign in user with email: info@btgphysicaltherapy.com[39m[0m[0m[22m[23m[24m[27m[28m[29m[39m[49m
[1m[0mINFO[0m[1m[23m[24m[27m[28m[29m[39m[49m[0m[0m[1m[23m[24m[27m[28m[29m[39m[49m[22m [[3m2025-01-03 22:35:09[23m] [38;5;246mUser signed in successfully: info@btgphysicaltherapy.com[39m[0m[0m[22m[23m[24m[27m[28m[29m[39m[49m
[1m[0mINFO[0m[1m[23m[24m[27m[28m[29m[39m[49m[0m[0m[1m[23m[24m[27m[28m[29m[39m[49m[22m [[3m2025-01-03 22:36:40[23m] [38;5;246mAttempting to sign in user with email: info@btgphysicaltherapy.com[39m[0m[0m[22m[23m[24m[27m[28m[29m[39m[49m
[1m[0mINFO[0m[1m[23m[24m[27m[28m[29m[39m[49m[0m[0m[1m[23m[24m[27m[28m[29m[39m[49m[22m [[3m2025-01-03 22:36:41[23m] [38;5;246mUser signed in successfully: info@btgphysicaltherapy.com[39m[0m[0m[22m[23m[24m[27m[28m[29m[39m[49m
[1m[0mINFO[0m[1m[23m[24m[27m[28m[29m[39m[49m[0m[0m[1m[23m[24m[27m[28m[29m[39m[49m[22m [[3m2025-01-03 22:41:14[23m] [38;5;246mAttempting to sign in user with email: info@btgphysicaltherapy.com[39m[0m[0m[22m[23m[24m[27m[28m[29m[39m[49m
[1m[0mINFO[0m[1m[23m[24m[27m[28m[29m[39m[49m[0m[0m[1m[23m[24m[27m[28m[29m[39m[49m[22m [[3m2025-01-03 22:41:15[23m] [38;5;246mUser signed in successfully: info@btgphysicaltherapy.com[39m[0m[0m[22m[23m[24m[27m[28m[29m[39m[49m
[1m[0mINFO[0m[1m[23m[24m[27m[28m[29m[39m[49m[0m[0m[1m[23m[24m[27m[28m[29m[39m[49m[22m [[3m2025-01-03 22:43:40[23m] [38;5;246mAttempting to sign in user with email: info@btgphysicaltherapy.com[39m[0m[0m[22m[23m[24m[27m[28m[29m[39m[49m
[1m[0mINFO[0m[1m[23m[24m[27m[28m[29m[39m[49m[0m[0m[1m[23m[24m[27m[28m[29m[39m[49m[22m [[3m2025-01-03 22:43:40[23m] [38;5;246mUser signed in successfully: info@btgphysicaltherapy.com[39m[0m[0m[22m[23m[24m[27m[28m[29m[39m[49m
[1m[0mINFO[0m[1m[23m[24m[27m[28m[29m[39m[49m[0m[0m[1m[23m[24m[27m[28m[29m[39m[49m[22m [[3m2025-01-03 23:10:31[23m] [38;5;246mAttempting to sign in user with email: info@btgphysicaltherapy.com[39m[0m[0m[22m[23m[24m[27m[28m[29m[39m[49m
[1m[0mINFO[0m[1m[23m[24m[27m[28m[29m[39m[49m[0m[0m[1m[23m[24m[27m[28m[29m[39m[49m[22m [[3m2025-01-03 23:10:32[23m] [38;5;246mUser signed in successfully: info@btgphysicaltherapy.com[39m[0m[0m[22m[23m[24m[27m[28m[29m[39m[49m
[1m[0mINFO[0m[1m[23m[24m[27m[28m[29m[39m[49m[0m[0m[1m[23m[24m[27m[28m[29m[39m[49m[22m [[3m2025-01-03 23:15:07[23m] [38;5;246mAttempting to sign in user with email: info@btgphysicaltherapy.com[39m[0m[0m[22m[23m[24m[27m[28m[29m[39m[49m
[1m[0mINFO[0m[1m[23m[24m[27m[28m[29m[39m[49m[0m[0m[1m[23m[24m[27m[28m[29m[39m[49m[22m [[3m2025-01-03 23:15:08[23m] [38;5;246mUser signed in successfully: info@btgphysicaltherapy.com[39m[0m[0m[22m[23m[24m[27m[28m[29m[39m[49m
[1m[0mINFO[0m[1m[23m[24m[27m[28m[29m[39m[49m[0m[0m[1m[23m[24m[27m[28m[29m[39m[49m[22m [[3m2025-01-03 23:17:51[23m] [38;5;246mAttempting to sign in user with email: info@btgphysicaltherapy.com[39m[0m[0m[22m[23m[24m[27m[28m[29m[39m[49m
[1m[0mINFO[0m[1m[23m[24m[27m[28m[29m[39m[49m[0m[0m[1m[23m[24m[27m[28m[29m[39m[49m[22m [[3m2025-01-03 23:17:51[23m] [38;5;246mUser signed in successfully: info@btgphysicaltherapy.com[39m[0m[0m[22m[23m[24m[27m[28m[29m[39m[49m
[1m[0mINFO[0m[1m[23m[24m[27m[28m[29m[39m[49m[0m[0m[1m[23m[24m[27m[28m[29m[39m[49m[22m [[3m2025-01-03 23:18:53[23m] [38;5;246mAttempting to sign in user with email: info@btgphysicaltherapy.com[39m[0m[0m[22m[23m[24m[27m[28m[29m[39m[49m
[1m[0mINFO[0m[1m[23m[24m[27m[28m[29m[39m[49m[0m[0m[1m[23m[24m[27m[28m[29m[39m[49m[22m [[3m2025-01-03 23:18:54[23m] [38;5;246mUser signed in successfully: info@btgphysicaltherapy.com[39m[0m[0m[22m[23m[24m[27m[28m[29m[39m[49m
[1m[0mINFO[0m[1m[23m[24m[27m[28m[29m[39m[49m[0m[0m[1m[23m[24m[27m[28m[29m[39m[49m[22m [[3m2025-01-03 23:30:50[23m] [38;5;246mAttempting to sign in user with email: info@btgphysicaltherapy.com[39m[0m[0m[22m[23m[24m[27m[28m[29m[39m[49m
[1m[0mINFO[0m[1m[23m[24m[27m[28m[29m[39m[49m[0m[0m[1m[23m[24m[27m[28m[29m[39m[49m[22m [[3m2025-01-03 23:30:51[23m] [38;5;246mUser signed in successfully: info@btgphysicaltherapy.com[39m[0m[0m[22m[23m[24m[27m[28m[29m[39m[49m
[1m[0mINFO[0m[1m[23m[24m[27m[28m[29m[39m[49m[0m[0m[1m[23m[24m[27m[28m[29m[39m[49m[22m [[3m2025-01-03 23:33:08[23m] [38;5;246mAttempting to sign in user with email: info@btgphysicaltherapy.com[39m[0m[0m[22m[23m[24m[27m[28m[29m[39m[49m
[1m[0mINFO[0m[1m[23m[24m[27m[28m[29m[39m[49m[0m[0m[1m[23m[24m[27m[28m[29m[39m[49m[22m [[3m2025-01-03 23:33:08[23m] [38;5;246mUser signed in successfully: info@btgphysicaltherapy.com[39m[0m[0m[22m[23m[24m[27m[28m[29m[39m[49m
[1m[0mINFO[0m[1m[23m[24m[27m[28m[29m[39m[49m[0m[0m[1m[23m[24m[27m[28m[29m[39m[49m[22m [[3m2025-01-04 00:15:12[23m] [38;5;246mAttempting to sign in user with email: test@tester.com[39m[0m[0m[22m[23m[24m[27m[28m[29m[39m[49m
[1m[0mINFO[0m[1m[23m[24m[27m[28m[29m[39m[49m[0m[0m[1m[23m[24m[27m[28m[29m[39m[49m[22m [[3m2025-01-04 00:15:12[23m] [38;5;246mUser signed in successfully: test@tester.com[39m[0m[0m[22m[23m[24m[27m[28m[29m[39m[49m
[1m[0mINFO[0m[1m[23m[24m[27m[28m[29m[39m[49m[0m[0m[1m[23m[24m[27m[28m[29m[39m[49m[22m [[3m2025-01-04 00:20:04[23m] [38;5;246mAttempting to sign in user with email: test@tester.com[39m[0m[0m[22m[23m[24m[27m[28m[29m[39m[49m
[1m[0mINFO[0m[1m[23m[24m[27m[28m[29m[39m[49m[0m[0m[1m[23m[24m[27m[28m[29m[39m[49m[22m [[3m2025-01-04 00:20:04[23m] [38;5;246mUser signed in successfully: test@tester.com[39m[0m[0m[22m[23m[24m[27m[28m[29m[39m[49m
[1m[0mINFO[0m[1m[23m[24m[27m[28m[29m[39m[49m[0m[0m[1m[23m[24m[27m[28m[29m[39m[49m[22m [[3m2025-01-09 06:44:30[23m] [38;5;246mAttempting to sign in user with email: info@btgphysicaltherapy.com[39m[0m[0m[22m[23m[24m[27m[28m[29m[39m[49m
[1m[0mINFO[0m[1m[23m[24m[27m[28m[29m[39m[49m[0m[0m[1m[23m[24m[27m[28m[29m[39m[49m[22m [[3m2025-01-09 06:44:30[23m] [38;5;246mUser signed in successfully: info@btgphysicaltherapy.com[39m[0m[0m[22m[23m[24m[27m[28m[29m[39m[49m
[1m[1m[38;5;34mSUCCESS[39m[1m[0m[0m[1m[23m[24m[27m[28m[29m[39m[49m[22m [[3m2025-01-09 06:44:34[23m] [38;5;248mhawkinR/get_access -> Your access token was recieved and stored for use by other hawkinR functions. Your token will expire at 2025-01-09 07:44:34[39m[0m[0m[22m[23m[24m[27m[28m[29m[39m[49m
[1m[0mINFO[0m[1m[23m[24m[27m[28m[29m[39m[49m[0m[0m[1m[23m[24m[27m[28m[29m[39m[49m[22m [[3m2025-01-09 06:51:45[23m] [38;5;246mAttempting to sign in user with email: info@btgphysicaltherapy.com[39m[0m[0m[22m[23m[24m[27m[28m[29m[39m[49m
[1m[0mINFO[0m[1m[23m[24m[27m[28m[29m[39m[49m[0m[0m[1m[23m[24m[27m[28m[29m[39m[49m[22m [[3m2025-01-09 06:51:45[23m] [38;5;246mUser signed in successfully: info@btgphysicaltherapy.com[39m[0m[0m[22m[23m[24m[27m[28m[29m[39m[49m
[1m[1m[38;5;34mSUCCESS[39m[1m[0m[0m[1m[23m[24m[27m[28m[29m[39m[49m[22m [[3m2025-01-09 06:51:48[23m] [38;5;248mhawkinR/get_access -> Your access token was recieved and stored for use by other hawkinR functions. Your token will expire at 2025-01-09 07:51:48[39m[0m[0m[22m[23m[24m[27m[28m[29m[39m[49m
[1m[0mINFO[0m[1m[23m[24m[27m[28m[29m[39m[49m[0m[0m[1m[23m[24m[27m[28m[29m[39m[49m[22m [[3m2025-01-09 06:53:28[23m] [38;5;246mAttempting to sign in user with email: info@btgphysicaltherapy.com[39m[0m[0m[22m[23m[24m[27m[28m[29m[39m[49m
[1m[0mINFO[0m[1m[23m[24m[27m[28m[29m[39m[49m[0m[0m[1m[23m[24m[27m[28m[29m[39m[49m[22m [[3m2025-01-09 06:53:28[23m] [38;5;246mUser signed in successfully: info@btgphysicaltherapy.com[39m[0m[0m[22m[23m[24m[27m[28m[29m[39m[49m
[1m[1m[38;5;34mSUCCESS[39m[1m[0m[0m[1m[23m[24m[27m[28m[29m[39m[49m[22m [[3m2025-01-09 06:53:30[23m] [38;5;248mhawkinR/get_access -> Your access token was recieved and stored for use by other hawkinR functions. Your token will expire at 2025-01-09 07:53:30[39m[0m[0m[22m[23m[24m[27m[28m[29m[39m[49m
[1m[0mINFO[0m[1m[23m[24m[27m[28m[29m[39m[49m[0m[0m[1m[23m[24m[27m[28m[29m[39m[49m[22m [[3m2025-01-09 06:57:16[23m] [38;5;246mAttempting to sign in user with email: info@btgphysicaltherapy.com[39m[0m[0m[22m[23m[24m[27m[28m[29m[39m[49m
[1m[0mINFO[0m[1m[23m[24m[27m[28m[29m[39m[49m[0m[0m[1m[23m[24m[27m[28m[29m[39m[49m[22m [[3m2025-01-09 06:57:16[23m] [38;5;246mUser signed in successfully: info@btgphysicaltherapy.com[39m[0m[0m[22m[23m[24m[27m[28m[29m[39m[49m
[1m[1m[38;5;34mSUCCESS[39m[1m[0m[0m[1m[23m[24m[27m[28m[29m[39m[49m[22m [[3m2025-01-09 06:57:20[23m] [38;5;248mhawkinR/get_access -> Your access token was recieved and stored for use by other hawkinR functions. Your token will expire at 2025-01-09 07:57:20[39m[0m[0m[22m[23m[24m[27m[28m[29m[39m[49m
[1m[0mINFO[0m[1m[23m[24m[27m[28m[29m[39m[49m[0m[0m[1m[23m[24m[27m[28m[29m[39m[49m[22m [[3m2025-01-09 06:59:48[23m] [38;5;246mAttempting to sign in user with email: info@btgphysicaltherapy.com[39m[0m[0m[22m[23m[24m[27m[28m[29m[39m[49m
[1m[0mINFO[0m[1m[23m[24m[27m[28m[29m[39m[49m[0m[0m[1m[23m[24m[27m[28m[29m[39m[49m[22m [[3m2025-01-09 06:59:48[23m] [38;5;246mUser signed in successfully: info@btgphysicaltherapy.com[39m[0m[0m[22m[23m[24m[27m[28m[29m[39m[49m
[1m[1m[38;5;34mSUCCESS[39m[1m[0m[0m[1m[23m[24m[27m[28m[29m[39m[49m[22m [[3m2025-01-09 06:59:51[23m] [38;5;248mhawkinR/get_access -> Your access token was recieved and stored for use by other hawkinR functions. Your token will expire at 2025-01-09 07:59:51[39m[0m[0m[22m[23m[24m[27m[28m[29m[39m[49m
[1m[0mINFO[0m[1m[23m[24m[27m[28m[29m[39m[49m[0m[0m[1m[23m[24m[27m[28m[29m[39m[49m[22m [[3m2025-01-09 07:03:18[23m] [38;5;246mAttempting to sign in user with email: info@btgphysicaltherapy.com[39m[0m[0m[22m[23m[24m[27m[28m[29m[39m[49m
[1m[0mINFO[0m[1m[23m[24m[27m[28m[29m[39m[49m[0m[0m[1m[23m[24m[27m[28m[29m[39m[49m[22m [[3m2025-01-09 07:03:18[23m] [38;5;246mUser signed in successfully: info@btgphysicaltherapy.com[39m[0m[0m[22m[23m[24m[27m[28m[29m[39m[49m
[1m[1m[38;5;34mSUCCESS[39m[1m[0m[0m[1m[23m[24m[27m[28m[29m[39m[49m[22m [[3m2025-01-09 07:03:21[23m] [38;5;248mhawkinR/get_access -> Your access token was recieved and stored for use by other hawkinR functions. Your token will expire at 2025-01-09 08:03:21[39m[0m[0m[22m[23m[24m[27m[28m[29m[39m[49m
[1m[0mINFO[0m[1m[23m[24m[27m[28m[29m[39m[49m[0m[0m[1m[23m[24m[27m[28m[29m[39m[49m[22m [[3m2025-01-09 07:07:37[23m] [38;5;246mAttempting to sign in user with email: info@btgphysicaltherapy.com[39m[0m[0m[22m[23m[24m[27m[28m[29m[39m[49m
[1m[0mINFO[0m[1m[23m[24m[27m[28m[29m[39m[49m[0m[0m[1m[23m[24m[27m[28m[29m[39m[49m[22m [[3m2025-01-09 07:07:38[23m] [38;5;246mUser signed in successfully: info@btgphysicaltherapy.com[39m[0m[0m[22m[23m[24m[27m[28m[29m[39m[49m
[1m[1m[38;5;34mSUCCESS[39m[1m[0m[0m[1m[23m[24m[27m[28m[29m[39m[49m[22m [[3m2025-01-09 07:07:41[23m] [38;5;248mhawkinR/get_access -> Your access token was recieved and stored for use by other hawkinR functions. Your token will expire at 2025-01-09 08:07:41[39m[0m[0m[22m[23m[24m[27m[28m[29m[39m[49m
[1m[0mINFO[0m[1m[23m[24m[27m[28m[29m[39m[49m[0m[0m[1m[23m[24m[27m[28m[29m[39m[49m[22m [[3m2025-01-09 07:09:12[23m] [38;5;246mAttempting to sign in user with email: info@btgphysicaltherapy.com[39m[0m[0m[22m[23m[24m[27m[28m[29m[39m[49m
[1m[0mINFO[0m[1m[23m[24m[27m[28m[29m[39m[49m[0m[0m[1m[23m[24m[27m[28m[29m[39m[49m[22m [[3m2025-01-09 07:09:12[23m] [38;5;246mUser signed in successfully: info@btgphysicaltherapy.com[39m[0m[0m[22m[23m[24m[27m[28m[29m[39m[49m
[1m[1m[38;5;34mSUCCESS[39m[1m[0m[0m[1m[23m[24m[27m[28m[29m[39m[49m[22m [[3m2025-01-09 07:09:15[23m] [38;5;248mhawkinR/get_access -> Your access token was recieved and stored for use by other hawkinR functions. Your token will expire at 2025-01-09 08:09:15[39m[0m[0m[22m[23m[24m[27m[28m[29m[39m[49m
[1m[0mINFO[0m[1m[23m[24m[27m[28m[29m[39m[49m[0m[0m[1m[23m[24m[27m[28m[29m[39m[49m[22m [[3m2025-01-09 07:14:06[23m] [38;5;246mAttempting to sign in user with email: info@btgphysicaltherapy.com[39m[0m[0m[22m[23m[24m[27m[28m[29m[39m[49m
[1m[0mINFO[0m[1m[23m[24m[27m[28m[29m[39m[49m[0m[0m[1m[23m[24m[27m[28m[29m[39m[49m[22m [[3m2025-01-09 07:14:06[23m] [38;5;246mUser signed in successfully: info@btgphysicaltherapy.com[39m[0m[0m[22m[23m[24m[27m[28m[29m[39m[49m
[1m[1m[38;5;34mSUCCESS[39m[1m[0m[0m[1m[23m[24m[27m[28m[29m[39m[49m[22m [[3m2025-01-09 07:14:09[23m] [38;5;248mhawkinR/get_access -> Your access token was recieved and stored for use by other hawkinR functions. Your token will expire at 2025-01-09 08:14:08[39m[0m[0m[22m[23m[24m[27m[28m[29m[39m[49m
[1m[0mINFO[0m[1m[23m[24m[27m[28m[29m[39m[49m[0m[0m[1m[23m[24m[27m[28m[29m[39m[49m[22m [[3m2025-01-09 07:14:25[23m] [38;5;246mAttempting to sign in user with email: info@btgphysicaltherapy.com[39m[0m[0m[22m[23m[24m[27m[28m[29m[39m[49m
[1m[0mINFO[0m[1m[23m[24m[27m[28m[29m[39m[49m[0m[0m[1m[23m[24m[27m[28m[29m[39m[49m[22m [[3m2025-01-09 07:14:26[23m] [38;5;246mUser signed in successfully: info@btgphysicaltherapy.com[39m[0m[0m[22m[23m[24m[27m[28m[29m[39m[49m
[1m[1m[38;5;34mSUCCESS[39m[1m[0m[0m[1m[23m[24m[27m[28m[29m[39m[49m[22m [[3m2025-01-09 07:14:27[23m] [38;5;248mhawkinR/get_access -> Your access token was recieved and stored for use by other hawkinR functions. Your token will expire at 2025-01-09 08:14:27[39m[0m[0m[22m[23m[24m[27m[28m[29m[39m[49m
[1m[0mINFO[0m[1m[23m[24m[27m[28m[29m[39m[49m[0m[0m[1m[23m[24m[27m[28m[29m[39m[49m[22m [[3m2025-01-11 10:03:15[23m] [38;5;246mAttempting to sign in user with email: info@btgphysicaltherapy.com[39m[0m[0m[22m[23m[24m[27m[28m[29m[39m[49m
[1m[0mINFO[0m[1m[23m[24m[27m[28m[29m[39m[49m[0m[0m[1m[23m[24m[27m[28m[29m[39m[49m[22m [[3m2025-01-11 10:03:16[23m] [38;5;246mUser signed in successfully: info@btgphysicaltherapy.com[39m[0m[0m[22m[23m[24m[27m[28m[29m[39m[49m
[1m[1m[38;5;34mSUCCESS[39m[1m[0m[0m[1m[23m[24m[27m[28m[29m[39m[49m[22m [[3m2025-01-11 10:03:20[23m] [38;5;248mhawkinR/get_access -> Your access token was recieved and stored for use by other hawkinR functions. Your token will expire at 2025-01-11 11:03:19[39m[0m[0m[22m[23m[24m[27m[28m[29m[39m[49m
[1m[0mINFO[0m[1m[23m[24m[27m[28m[29m[39m[49m[0m[0m[1m[23m[24m[27m[28m[29m[39m[49m[22m [[3m2025-01-11 11:30:32[23m] [38;5;246mAttempting to sign in user with email: info@btgphysicaltherapy.com[39m[0m[0m[22m[23m[24m[27m[28m[29m[39m[49m
[1m[0mINFO[0m[1m[23m[24m[27m[28m[29m[39m[49m[0m[0m[1m[23m[24m[27m[28m[29m[39m[49m[22m [[3m2025-01-11 11:30:33[23m] [38;5;246mUser signed in successfully: info@btgphysicaltherapy.com[39m[0m[0m[22m[23m[24m[27m[28m[29m[39m[49m
[1m[1m[38;5;34mSUCCESS[39m[1m[0m[0m[1m[23m[24m[27m[28m[29m[39m[49m[22m [[3m2025-01-11 11:30:37[23m] [38;5;248mhawkinR/get_access -> Your access token was recieved and stored for use by other hawkinR functions. Your token will expire at 2025-01-11 12:30:37[39m[0m[0m[22m[23m[24m[27m[28m[29m[39m[49m
[1m[0mINFO[0m[1m[23m[24m[27m[28m[29m[39m[49m[0m[0m[1m[23m[24m[27m[28m[29m[39m[49m[22m [[3m2025-01-11 11:31:08[23m] [38;5;246mAttempting to sign in user with email: info@btgphysicaltherapy.com[39m[0m[0m[22m[23m[24m[27m[28m[29m[39m[49m
[1m[0mINFO[0m[1m[23m[24m[27m[28m[29m[39m[49m[0m[0m[1m[23m[24m[27m[28m[29m[39m[49m[22m [[3m2025-01-11 11:31:08[23m] [38;5;246mUser signed in successfully: info@btgphysicaltherapy.com[39m[0m[0m[22m[23m[24m[27m[28m[29m[39m[49m
[1m[1m[38;5;34mSUCCESS[39m[1m[0m[0m[1m[23m[24m[27m[28m[29m[39m[49m[22m [[3m2025-01-11 11:31:10[23m] [38;5;248mhawkinR/get_access -> Your access token was recieved and stored for use by other hawkinR functions. Your token will expire at 2025-01-11 12:31:10[39m[0m[0m[22m[23m[24m[27m[28m[29m[39m[49m
[1m[0mINFO[0m[1m[23m[24m[27m[28m[29m[39m[49m[0m[0m[1m[23m[24m[27m[28m[29m[39m[49m[22m [[3m2025-01-11 11:35:41[23m] [38;5;246mAttempting to sign in user with email: info@btgphysicaltherapy.com[39m[0m[0m[22m[23m[24m[27m[28m[29m[39m[49m
[1m[0mINFO[0m[1m[23m[24m[27m[28m[29m[39m[49m[0m[0m[1m[23m[24m[27m[28m[29m[39m[49m[22m [[3m2025-01-11 11:35:42[23m] [38;5;246mUser signed in successfully: info@btgphysicaltherapy.com[39m[0m[0m[22m[23m[24m[27m[28m[29m[39m[49m
[1m[1m[38;5;34mSUCCESS[39m[1m[0m[0m[1m[23m[24m[27m[28m[29m[39m[49m[22m [[3m2025-01-11 11:35:44[23m] [38;5;248mhawkinR/get_access -> Your access token was recieved and stored for use by other hawkinR functions. Your token will expire at 2025-01-11 12:35:44[39m[0m[0m[22m[23m[24m[27m[28m[29m[39m[49m
[1m[0mINFO[0m[1m[23m[24m[27m[28m[29m[39m[49m[0m[0m[1m[23m[24m[27m[28m[29m[39m[49m[22m [[3m2025-01-11 11:41:54[23m] [38;5;246mAttempting to sign in user with email: info@btgphysicaltherapy.com[39m[0m[0m[22m[23m[24m[27m[28m[29m[39m[49m
[1m[0mINFO[0m[1m[23m[24m[27m[28m[29m[39m[49m[0m[0m[1m[23m[24m[27m[28m[29m[39m[49m[22m [[3m2025-01-11 11:41:54[23m] [38;5;246mUser signed in successfully: info@btgphysicaltherapy.com[39m[0m[0m[22m[23m[24m[27m[28m[29m[39m[49m
[1m[1m[38;5;34mSUCCESS[39m[1m[0m[0m[1m[23m[24m[27m[28m[29m[39m[49m[22m [[3m2025-01-11 11:41:57[23m] [38;5;248mhawkinR/get_access -> Your access token was recieved and stored for use by other hawkinR functions. Your token will expire at 2025-01-11 12:41:57[39m[0m[0m[22m[23m[24m[27m[28m[29m[39m[49m
[1m[0mINFO[0m[1m[23m[24m[27m[28m[29m[39m[49m[0m[0m[1m[23m[24m[27m[28m[29m[39m[49m[22m [[3m2025-01-11 12:04:01[23m] [38;5;246mAttempting to sign in user with email: info@btgphysicaltherapy.com[39m[0m[0m[22m[23m[24m[27m[28m[29m[39m[49m
[1m[0mINFO[0m[1m[23m[24m[27m[28m[29m[39m[49m[0m[0m[1m[23m[24m[27m[28m[29m[39m[49m[22m [[3m2025-01-11 12:04:01[23m] [38;5;246mUser signed in successfully: info@btgphysicaltherapy.com[39m[0m[0m[22m[23m[24m[27m[28m[29m[39m[49m
[1m[1m[38;5;34mSUCCESS[39m[1m[0m[0m[1m[23m[24m[27m[28m[29m[39m[49m[22m [[3m2025-01-11 12:04:04[23m] [38;5;248mhawkinR/get_access -> Your access token was recieved and stored for use by other hawkinR functions. Your token will expire at 2025-01-11 13:04:04[39m[0m[0m[22m[23m[24m[27m[28m[29m[39m[49m
[1m[0mINFO[0m[1m[23m[24m[27m[28m[29m[39m[49m[0m[0m[1m[23m[24m[27m[28m[29m[39m[49m[22m [[3m2025-01-11 12:39:50[23m] [38;5;246mAttempting to sign in user with email: info@btgphysicaltherapy.com[39m[0m[0m[22m[23m[24m[27m[28m[29m[39m[49m
[1m[0mINFO[0m[1m[23m[24m[27m[28m[29m[39m[49m[0m[0m[1m[23m[24m[27m[28m[29m[39m[49m[22m [[3m2025-01-11 12:39:51[23m] [38;5;246mUser signed in successfully: info@btgphysicaltherapy.com[39m[0m[0m[22m[23m[24m[27m[28m[29m[39m[49m
[1m[1m[38;5;34mSUCCESS[39m[1m[0m[0m[1m[23m[24m[27m[28m[29m[39m[49m[22m [[3m2025-01-11 12:39:54[23m] [38;5;248mhawkinR/get_access -> Your access token was recieved and stored for use by other hawkinR functions. Your token will expire at 2025-01-11 13:39:54[39m[0m[0m[22m[23m[24m[27m[28m[29m[39m[49m
[1m[0mINFO[0m[1m[23m[24m[27m[28m[29m[39m[49m[0m[0m[1m[23m[24m[27m[28m[29m[39m[49m[22m [[3m2025-01-11 12:42:04[23m] [38;5;246mAttempting to sign in user with email: info@btgphysicaltherapy.com[39m[0m[0m[22m[23m[24m[27m[28m[29m[39m[49m
[1m[0mINFO[0m[1m[23m[24m[27m[28m[29m[39m[49m[0m[0m[1m[23m[24m[27m[28m[29m[39m[49m[22m [[3m2025-01-11 12:42:04[23m] [38;5;246mUser signed in successfully: info@btgphysicaltherapy.com[39m[0m[0m[22m[23m[24m[27m[28m[29m[39m[49m
[1m[1m[38;5;34mSUCCESS[39m[1m[0m[0m[1m[23m[24m[27m[28m[29m[39m[49m[22m [[3m2025-01-11 12:42:07[23m] [38;5;248mhawkinR/get_access -> Your access token was recieved and stored for use by other hawkinR functions. Your token will expire at 2025-01-11 13:42:07[39m[0m[0m[22m[23m[24m[27m[28m[29m[39m[49m
[1m[0mINFO[0m[1m[23m[24m[27m[28m[29m[39m[49m[0m[0m[1m[23m[24m[27m[28m[29m[39m[49m[22m [[3m2025-01-11 13:23:58[23m] [38;5;246mAttempting to sign in user with email: info@btgphysicaltherapy.com[39m[0m[0m[22m[23m[24m[27m[28m[29m[39m[49m
[1m[0mINFO[0m[1m[23m[24m[27m[28m[29m[39m[49m[0m[0m[1m[23m[24m[27m[28m[29m[39m[49m[22m [[3m2025-01-11 13:23:58[23m] [38;5;246mUser signed in successfully: info@btgphysicaltherapy.com[39m[0m[0m[22m[23m[24m[27m[28m[29m[39m[49m
[1m[1m[38;5;34mSUCCESS[39m[1m[0m[0m[1m[23m[24m[27m[28m[29m[39m[49m[22m [[3m2025-01-11 13:24:02[23m] [38;5;248mhawkinR/get_access -> Your access token was recieved and stored for use by other hawkinR functions. Your token will expire at 2025-01-11 14:24:02[39m[0m[0m[22m[23m[24m[27m[28m[29m[39m[49m
[1m[0mINFO[0m[1m[23m[24m[27m[28m[29m[39m[49m[0m[0m[1m[23m[24m[27m[28m[29m[39m[49m[22m [[3m2025-01-11 13:24:33[23m] [38;5;246mAttempting to sign in user with email: info@btgphysicaltherapy.com[39m[0m[0m[22m[23m[24m[27m[28m[29m[39m[49m
[1m[0mINFO[0m[1m[23m[24m[27m[28m[29m[39m[49m[0m[0m[1m[23m[24m[27m[28m[29m[39m[49m[22m [[3m2025-01-11 13:24:34[23m] [38;5;246mUser signed in successfully: info@btgphysicaltherapy.com[39m[0m[0m[22m[23m[24m[27m[28m[29m[39m[49m
[1m[1m[38;5;34mSUCCESS[39m[1m[0m[0m[1m[23m[24m[27m[28m[29m[39m[49m[22m [[3m2025-01-11 13:24:36[23m] [38;5;248mhawkinR/get_access -> Your access token was recieved and stored for use by other hawkinR functions. Your token will expire at 2025-01-11 14:24:36[39m[0m[0m[22m[23m[24m[27m[28m[29m[39m[49m
[1m[0mINFO[0m[1m[23m[24m[27m[28m[29m[39m[49m[0m[0m[1m[23m[24m[27m[28m[29m[39m[49m[22m [[3m2025-01-11 13:26:11[23m] [38;5;246mAttempting to sign in user with email: info@btgphysicaltherapy.com[39m[0m[0m[22m[23m[24m[27m[28m[29m[39m[49m
[1m[0mINFO[0m[1m[23m[24m[27m[28m[29m[39m[49m[0m[0m[1m[23m[24m[27m[28m[29m[39m[49m[22m [[3m2025-01-11 13:26:11[23m] [38;5;246mUser signed in successfully: info@btgphysicaltherapy.com[39m[0m[0m[22m[23m[24m[27m[28m[29m[39m[49m
[1m[1m[38;5;34mSUCCESS[39m[1m[0m[0m[1m[23m[24m[27m[28m[29m[39m[49m[22m [[3m2025-01-11 13:26:14[23m] [38;5;248mhawkinR/get_access -> Your access token was recieved and stored for use by other hawkinR functions. Your token will expire at 2025-01-11 14:26:14[39m[0m[0m[22m[23m[24m[27m[28m[29m[39m[49m
[1m[0mINFO[0m[1m[23m[24m[27m[28m[29m[39m[49m[0m[0m[1m[23m[24m[27m[28m[29m[39m[49m[22m [[3m2025-01-11 13:27:22[23m] [38;5;246mAttempting to sign in user with email: info@btgphysicaltherapy.com[39m[0m[0m[22m[23m[24m[27m[28m[29m[39m[49m
[1m[0mINFO[0m[1m[23m[24m[27m[28m[29m[39m[49m[0m[0m[1m[23m[24m[27m[28m[29m[39m[49m[22m [[3m2025-01-11 13:27:23[23m] [38;5;246mUser signed in successfully: info@btgphysicaltherapy.com[39m[0m[0m[22m[23m[24m[27m[28m[29m[39m[49m
[1m[1m[38;5;34mSUCCESS[39m[1m[0m[0m[1m[23m[24m[27m[28m[29m[39m[49m[22m [[3m2025-01-11 13:27:25[23m] [38;5;248mhawkinR/get_access -> Your access token was recieved and stored for use by other hawkinR functions. Your token will expire at 2025-01-11 14:27:25[39m[0m[0m[22m[23m[24m[27m[28m[29m[39m[49m
[1m[0mINFO[0m[1m[23m[24m[27m[28m[29m[39m[49m[0m[0m[1m[23m[24m[27m[28m[29m[39m[49m[22m [[3m2025-01-11 13:29:10[23m] [38;5;246mAttempting to sign in user with email: info@btgphysicaltherapy.com[39m[0m[0m[22m[23m[24m[27m[28m[29m[39m[49m
[1m[0mINFO[0m[1m[23m[24m[27m[28m[29m[39m[49m[0m[0m[1m[23m[24m[27m[28m[29m[39m[49m[22m [[3m2025-01-11 13:29:11[23m] [38;5;246mUser signed in successfully: info@btgphysicaltherapy.com[39m[0m[0m[22m[23m[24m[27m[28m[29m[39m[49m
[1m[1m[38;5;34mSUCCESS[39m[1m[0m[0m[1m[23m[24m[27m[28m[29m[39m[49m[22m [[3m2025-01-11 13:29:13[23m] [38;5;248mhawkinR/get_access -> Your access token was recieved and stored for use by other hawkinR functions. Your token will expire at 2025-01-11 14:29:13[39m[0m[0m[22m[23m[24m[27m[28m[29m[39m[49m
[1m[0mINFO[0m[1m[23m[24m[27m[28m[29m[39m[49m[0m[0m[1m[23m[24m[27m[28m[29m[39m[49m[22m [[3m2025-01-11 13:30:24[23m] [38;5;246mAttempting to sign in user with email: info@btgphysicaltherapy.com[39m[0m[0m[22m[23m[24m[27m[28m[29m[39m[49m
[1m[0mINFO[0m[1m[23m[24m[27m[28m[29m[39m[49m[0m[0m[1m[23m[24m[27m[28m[29m[39m[49m[22m [[3m2025-01-11 13:30:24[23m] [38;5;246mUser signed in successfully: info@btgphysicaltherapy.com[39m[0m[0m[22m[23m[24m[27m[28m[29m[39m[49m
[1m[1m[38;5;34mSUCCESS[39m[1m[0m[0m[1m[23m[24m[27m[28m[29m[39m[49m[22m [[3m2025-01-11 13:30:26[23m] [38;5;248mhawkinR/get_access -> Your access token was recieved and stored for use by other hawkinR functions. Your token will expire at 2025-01-11 14:30:26[39m[0m[0m[22m[23m[24m[27m[28m[29m[39m[49m
[1m[0mINFO[0m[1m[23m[24m[27m[28m[29m[39m[49m[0m[0m[1m[23m[24m[27m[28m[29m[39m[49m[22m [[3m2025-01-11 13:43:08[23m] [38;5;246mAttempting to sign in user with email: info@btgphysicaltherapy.com[39m[0m[0m[22m[23m[24m[27m[28m[29m[39m[49m
[1m[0mINFO[0m[1m[23m[24m[27m[28m[29m[39m[49m[0m[0m[1m[23m[24m[27m[28m[29m[39m[49m[22m [[3m2025-01-11 13:43:08[23m] [38;5;246mUser signed in successfully: info@btgphysicaltherapy.com[39m[0m[0m[22m[23m[24m[27m[28m[29m[39m[49m
[1m[1m[38;5;34mSUCCESS[39m[1m[0m[0m[1m[23m[24m[27m[28m[29m[39m[49m[22m [[3m2025-01-11 13:43:11[23m] [38;5;248mhawkinR/get_access -> Your access token was recieved and stored for use by other hawkinR functions. Your token will expire at 2025-01-11 14:43:11[39m[0m[0m[22m[23m[24m[27m[28m[29m[39m[49m
[1m[0mINFO[0m[1m[23m[24m[27m[28m[29m[39m[49m[0m[0m[1m[23m[24m[27m[28m[29m[39m[49m[22m [[3m2025-01-11 13:46:10[23m] [38;5;246mAttempting to sign in user with email: info@btgphysicaltherapy.com[39m[0m[0m[22m[23m[24m[27m[28m[29m[39m[49m
[1m[0mINFO[0m[1m[23m[24m[27m[28m[29m[39m[49m[0m[0m[1m[23m[24m[27m[28m[29m[39m[49m[22m [[3m2025-01-11 13:46:11[23m] [38;5;246mUser signed in successfully: info@btgphysicaltherapy.com[39m[0m[0m[22m[23m[24m[27m[28m[29m[39m[49m
[1m[1m[38;5;34mSUCCESS[39m[1m[0m[0m[1m[23m[24m[27m[28m[29m[39m[49m[22m [[3m2025-01-11 13:46:12[23m] [38;5;248mhawkinR/get_access -> Your access token was recieved and stored for use by other hawkinR functions. Your token will expire at 2025-01-11 14:46:12[39m[0m[0m[22m[23m[24m[27m[28m[29m[39m[49m
[1m[1m[38;5;34mSUCCESS[39m[1m[0m[0m[1m[23m[24m[27m[28m[29m[39m[49m[22m [[3m2025-01-11 13:46:20[23m] [38;5;248mhawkinR/get_tests -> 118 active tests returned. Last tested: 2025-01-10 09:54:05 | Last Synced: 2025-01-10 09:54:27[39m[0m[0m[22m[23m[24m[27m[28m[29m[39m[49m
[1m[0mINFO[0m[1m[23m[24m[27m[28m[29m[39m[49m[0m[0m[1m[23m[24m[27m[28m[29m[39m[49m[22m [[3m2025-01-11 13:56:43[23m] [38;5;246mAttempting to sign in user with email: info@btgphysicaltherapy.com[39m[0m[0m[22m[23m[24m[27m[28m[29m[39m[49m
[1m[0mINFO[0m[1m[23m[24m[27m[28m[29m[39m[49m[0m[0m[1m[23m[24m[27m[28m[29m[39m[49m[22m [[3m2025-01-11 13:56:44[23m] [38;5;246mUser signed in successfully: info@btgphysicaltherapy.com[39m[0m[0m[22m[23m[24m[27m[28m[29m[39m[49m
[1m[1m[38;5;34mSUCCESS[39m[1m[0m[0m[1m[23m[24m[27m[28m[29m[39m[49m[22m [[3m2025-01-11 13:56:46[23m] [38;5;248mhawkinR/get_access -> Your access token was recieved and stored for use by other hawkinR functions. Your token will expire at 2025-01-11 14:56:46[39m[0m[0m[22m[23m[24m[27m[28m[29m[39m[49m
[1m[1m[38;5;34mSUCCESS[39m[1m[0m[0m[1m[23m[24m[27m[28m[29m[39m[49m[22m [[3m2025-01-11 13:56:55[23m] [38;5;248mhawkinR/get_tests -> 118 active tests returned. Last tested: 2025-01-10 09:54:05 | Last Synced: 2025-01-10 09:54:27[39m[0m[0m[22m[23m[24m[27m[28m[29m[39m[49m
[1m[0mINFO[0m[1m[23m[24m[27m[28m[29m[39m[49m[0m[0m[1m[23m[24m[27m[28m[29m[39m[49m[22m [[3m2025-01-11 14:02:00[23m] [38;5;246mAttempting to sign in user with email: info@btgphysicaltherapy.com[39m[0m[0m[22m[23m[24m[27m[28m[29m[39m[49m
[1m[0mINFO[0m[1m[23m[24m[27m[28m[29m[39m[49m[0m[0m[1m[23m[24m[27m[28m[29m[39m[49m[22m [[3m2025-01-11 14:02:00[23m] [38;5;246mUser signed in successfully: info@btgphysicaltherapy.com[39m[0m[0m[22m[23m[24m[27m[28m[29m[39m[49m
[1m[1m[38;5;34mSUCCESS[39m[1m[0m[0m[1m[23m[24m[27m[28m[29m[39m[49m[22m [[3m2025-01-11 14:02:04[23m] [38;5;248mhawkinR/get_access -> Your access token was recieved and stored for use by other hawkinR functions. Your token will expire at 2025-01-11 15:02:04[39m[0m[0m[22m[23m[24m[27m[28m[29m[39m[49m
[1m[1m[38;5;34mSUCCESS[39m[1m[0m[0m[1m[23m[24m[27m[28m[29m[39m[49m[22m [[3m2025-01-11 14:02:12[23m] [38;5;248mhawkinR/get_tests -> 118 active tests returned. Last tested: 2025-01-10 09:54:05 | Last Synced: 2025-01-10 09:54:27[39m[0m[0m[22m[23m[24m[27m[28m[29m[39m[49m
[1m[38;5;124mERROR[39m[0m[0m[1m[23m[24m[27m[28m[29m[39m[49m[22m [[3m2025-01-13 06:14:02[23m] [38;5;253mhawkinR/get_access -> Error 403: Refresh Token is missing[39m[0m[0m[22m[23m[24m[27m[28m[29m[39m[49m
[1m[38;5;124mERROR[39m[0m[0m[1m[23m[24m[27m[28m[29m[39m[49m[22m [[3m2025-01-13 06:14:17[23m] [38;5;253mhawkinR/get_access -> Error 403: Refresh Token is missing[39m[0m[0m[22m[23m[24m[27m[28m[29m[39m[49m
[1m[1m[38;5;34mSUCCESS[39m[1m[0m[0m[1m[23m[24m[27m[28m[29m[39m[49m[22m [[3m2025-01-13 06:14:41[23m] [38;5;248mhawkinR/get_access -> Your access token was recieved and stored for use by other hawkinR functions. Your token will expire at 2025-01-13 07:14:41[39m[0m[0m[22m[23m[24m[27m[28m[29m[39m[49m
[1m[1m[38;5;34mSUCCESS[39m[1m[0m[0m[1m[23m[24m[27m[28m[29m[39m[49m[22m [[3m2025-01-13 06:14:51[23m] [38;5;248mhawkinR/get_access -> Your access token was recieved and stored for use by other hawkinR functions. Your token will expire at 2025-01-13 07:14:51[39m[0m[0m[22m[23m[24m[27m[28m[29m[39m[49m
[1m[1m[38;5;34mSUCCESS[39m[1m[0m[0m[1m[23m[24m[27m[28m[29m[39m[49m[22m [[3m2025-01-13 06:15:48[23m] [38;5;248mhawkinR/get_tests -> 120 active tests returned. Last tested: 2025-01-12 17:28:05 | Last Synced: 2025-01-12 17:28:25[39m[0m[0m[22m[23m[24m[27m[28m[29m[39m[49m
[1m[0mINFO[0m[1m[23m[24m[27m[28m[29m[39m[49m[0m[0m[1m[23m[24m[27m[28m[29m[39m[49m[22m [[3m2025-01-15 06:19:40[23m] [38;5;246mAttempting to sign in user with email: info@btgphysicaltherapy.com[39m[0m[0m[22m[23m[24m[27m[28m[29m[39m[49m
[1m[0mINFO[0m[1m[23m[24m[27m[28m[29m[39m[49m[0m[0m[1m[23m[24m[27m[28m[29m[39m[49m[22m [[3m2025-01-15 06:19:41[23m] [38;5;246mUser signed in successfully: info@btgphysicaltherapy.com[39m[0m[0m[22m[23m[24m[27m[28m[29m[39m[49m
[1m[1m[38;5;34mSUCCESS[39m[1m[0m[0m[1m[23m[24m[27m[28m[29m[39m[49m[22m [[3m2025-01-15 06:19:43[23m] [38;5;248mhawkinR/get_access -> Your access token was recieved and stored for use by other hawkinR functions. Your token will expire at 2025-01-15 07:19:43[39m[0m[0m[22m[23m[24m[27m[28m[29m[39m[49m
[1m[0mINFO[0m[1m[23m[24m[27m[28m[29m[39m[49m[0m[0m[1m[23m[24m[27m[28m[29m[39m[49m[22m [[3m2025-01-15 06:22:13[23m] [38;5;246mAttempting to sign in user with email: info@btgphysicaltherapy.com[39m[0m[0m[22m[23m[24m[27m[28m[29m[39m[49m
[1m[0mINFO[0m[1m[23m[24m[27m[28m[29m[39m[49m[0m[0m[1m[23m[24m[27m[28m[29m[39m[49m[22m [[3m2025-01-15 06:22:14[23m] [38;5;246mUser signed in successfully: info@btgphysicaltherapy.com[39m[0m[0m[22m[23m[24m[27m[28m[29m[39m[49m
[1m[1m[38;5;34mSUCCESS[39m[1m[0m[0m[1m[23m[24m[27m[28m[29m[39m[49m[22m [[3m2025-01-15 06:22:17[23m] [38;5;248mhawkinR/get_access -> Your access token was recieved and stored for use by other hawkinR functions. Your token will expire at 2025-01-15 07:22:17[39m[0m[0m[22m[23m[24m[27m[28m[29m[39m[49m
[1m[0mINFO[0m[1m[23m[24m[27m[28m[29m[39m[49m[0m[0m[1m[23m[24m[27m[28m[29m[39m[49m[22m [[3m2025-01-15 06:35:07[23m] [38;5;246mAttempting to sign in user with email: info@btgphysicaltherapy.com[39m[0m[0m[22m[23m[24m[27m[28m[29m[39m[49m
[1m[0mINFO[0m[1m[23m[24m[27m[28m[29m[39m[49m[0m[0m[1m[23m[24m[27m[28m[29m[39m[49m[22m [[3m2025-01-15 06:35:08[23m] [38;5;246mUser signed in successfully: info@btgphysicaltherapy.com[39m[0m[0m[22m[23m[24m[27m[28m[29m[39m[49m
[1m[1m[38;5;34mSUCCESS[39m[1m[0m[0m[1m[23m[24m[27m[28m[29m[39m[49m[22m [[3m2025-01-15 06:35:11[23m] [38;5;248mhawkinR/get_access -> Your access token was recieved and stored for use by other hawkinR functions. Your token will expire at 2025-01-15 07:35:11[39m[0m[0m[22m[23m[24m[27m[28m[29m[39m[49m
[1m[0mINFO[0m[1m[23m[24m[27m[28m[29m[39m[49m[0m[0m[1m[23m[24m[27m[28m[29m[39m[49m[22m [[3m2025-01-15 06:37:13[23m] [38;5;246mAttempting to sign in user with email: info@btgphysicaltherapy.com[39m[0m[0m[22m[23m[24m[27m[28m[29m[39m[49m
[1m[0mINFO[0m[1m[23m[24m[27m[28m[29m[39m[49m[0m[0m[1m[23m[24m[27m[28m[29m[39m[49m[22m [[3m2025-01-15 06:37:14[23m] [38;5;246mUser signed in successfully: info@btgphysicaltherapy.com[39m[0m[0m[22m[23m[24m[27m[28m[29m[39m[49m
[1m[1m[38;5;34mSUCCESS[39m[1m[0m[0m[1m[23m[24m[27m[28m[29m[39m[49m[22m [[3m2025-01-15 06:37:15[23m] [38;5;248mhawkinR/get_access -> Your access token was recieved and stored for use by other hawkinR functions. Your token will expire at 2025-01-15 07:37:15[39m[0m[0m[22m[23m[24m[27m[28m[29m[39m[49m
[1m[0mINFO[0m[1m[23m[24m[27m[28m[29m[39m[49m[0m[0m[1m[23m[24m[27m[28m[29m[39m[49m[22m [[3m2025-01-15 06:37:42[23m] [38;5;246mAttempting to sign in user with email: info@btgphysicaltherapy.com[39m[0m[0m[22m[23m[24m[27m[28m[29m[39m[49m
[1m[0mINFO[0m[1m[23m[24m[27m[28m[29m[39m[49m[0m[0m[1m[23m[24m[27m[28m[29m[39m[49m[22m [[3m2025-01-15 06:37:43[23m] [38;5;246mUser signed in successfully: info@btgphysicaltherapy.com[39m[0m[0m[22m[23m[24m[27m[28m[29m[39m[49m
[1m[1m[38;5;34mSUCCESS[39m[1m[0m[0m[1m[23m[24m[27m[28m[29m[39m[49m[22m [[3m2025-01-15 06:37:45[23m] [38;5;248mhawkinR/get_access -> Your access token was recieved and stored for use by other hawkinR functions. Your token will expire at 2025-01-15 07:37:45[39m[0m[0m[22m[23m[24m[27m[28m[29m[39m[49m
[1m[0mINFO[0m[1m[23m[24m[27m[28m[29m[39m[49m[0m[0m[1m[23m[24m[27m[28m[29m[39m[49m[22m [[3m2025-01-15 06:39:13[23m] [38;5;246mAttempting to sign in user with email: info@btgphysicaltherapy.com[39m[0m[0m[22m[23m[24m[27m[28m[29m[39m[49m
[1m[0mINFO[0m[1m[23m[24m[27m[28m[29m[39m[49m[0m[0m[1m[23m[24m[27m[28m[29m[39m[49m[22m [[3m2025-01-15 06:39:14[23m] [38;5;246mUser signed in successfully: info@btgphysicaltherapy.com[39m[0m[0m[22m[23m[24m[27m[28m[29m[39m[49m
[1m[1m[38;5;34mSUCCESS[39m[1m[0m[0m[1m[23m[24m[27m[28m[29m[39m[49m[22m [[3m2025-01-15 06:39:16[23m] [38;5;248mhawkinR/get_access -> Your access token was recieved and stored for use by other hawkinR functions. Your token will expire at 2025-01-15 07:39:15[39m[0m[0m[22m[23m[24m[27m[28m[29m[39m[49m
[1m[0mINFO[0m[1m[23m[24m[27m[28m[29m[39m[49m[0m[0m[1m[23m[24m[27m[28m[29m[39m[49m[22m [[3m2025-01-15 06:39:38[23m] [38;5;246mAttempting to sign in user with email: info@btgphysicaltherapy.com[39m[0m[0m[22m[23m[24m[27m[28m[29m[39m[49m
[1m[0mINFO[0m[1m[23m[24m[27m[28m[29m[39m[49m[0m[0m[1m[23m[24m[27m[28m[29m[39m[49m[22m [[3m2025-01-15 06:39:38[23m] [38;5;246mUser signed in successfully: info@btgphysicaltherapy.com[39m[0m[0m[22m[23m[24m[27m[28m[29m[39m[49m
[1m[1m[38;5;34mSUCCESS[39m[1m[0m[0m[1m[23m[24m[27m[28m[29m[39m[49m[22m [[3m2025-01-15 06:39:40[23m] [38;5;248mhawkinR/get_access -> Your access token was recieved and stored for use by other hawkinR functions. Your token will expire at 2025-01-15 07:39:40[39m[0m[0m[22m[23m[24m[27m[28m[29m[39m[49m
[1m[0mINFO[0m[1m[23m[24m[27m[28m[29m[39m[49m[0m[0m[1m[23m[24m[27m[28m[29m[39m[49m[22m [[3m2025-01-15 06:47:21[23m] [38;5;246mAttempting to sign in user with email: info@btgphysicaltherapy.com[39m[0m[0m[22m[23m[24m[27m[28m[29m[39m[49m
[1m[0mINFO[0m[1m[23m[24m[27m[28m[29m[39m[49m[0m[0m[1m[23m[24m[27m[28m[29m[39m[49m[22m [[3m2025-01-15 06:47:21[23m] [38;5;246mUser signed in successfully: info@btgphysicaltherapy.com[39m[0m[0m[22m[23m[24m[27m[28m[29m[39m[49m
[1m[1m[38;5;34mSUCCESS[39m[1m[0m[0m[1m[23m[24m[27m[28m[29m[39m[49m[22m [[3m2025-01-15 06:47:24[23m] [38;5;248mhawkinR/get_access -> Your access token was recieved and stored for use by other hawkinR functions. Your token will expire at 2025-01-15 07:47:24[39m[0m[0m[22m[23m[24m[27m[28m[29m[39m[49m
[1m[0mINFO[0m[1m[23m[24m[27m[28m[29m[39m[49m[0m[0m[1m[23m[24m[27m[28m[29m[39m[49m[22m [[3m2025-01-15 06:49:40[23m] [38;5;246mAttempting to sign in user with email: info@btgphysicaltherapy.com[39m[0m[0m[22m[23m[24m[27m[28m[29m[39m[49m
[1m[0mINFO[0m[1m[23m[24m[27m[28m[29m[39m[49m[0m[0m[1m[23m[24m[27m[28m[29m[39m[49m[22m [[3m2025-01-15 06:49:41[23m] [38;5;246mUser signed in successfully: info@btgphysicaltherapy.com[39m[0m[0m[22m[23m[24m[27m[28m[29m[39m[49m
[1m[1m[38;5;34mSUCCESS[39m[1m[0m[0m[1m[23m[24m[27m[28m[29m[39m[49m[22m [[3m2025-01-15 06:49:43[23m] [38;5;248mhawkinR/get_access -> Your access token was recieved and stored for use by other hawkinR functions. Your token will expire at 2025-01-15 07:49:43[39m[0m[0m[22m[23m[24m[27m[28m[29m[39m[49m
[1m[0mINFO[0m[1m[23m[24m[27m[28m[29m[39m[49m[0m[0m[1m[23m[24m[27m[28m[29m[39m[49m[22m [[3m2025-01-15 06:52:12[23m] [38;5;246mAttempting to sign in user with email: info@btgphysicaltherapy.com[39m[0m[0m[22m[23m[24m[27m[28m[29m[39m[49m
[1m[0mINFO[0m[1m[23m[24m[27m[28m[29m[39m[49m[0m[0m[1m[23m[24m[27m[28m[29m[39m[49m[22m [[3m2025-01-15 06:52:12[23m] [38;5;246mUser signed in successfully: info@btgphysicaltherapy.com[39m[0m[0m[22m[23m[24m[27m[28m[29m[39m[49m
[1m[1m[38;5;34mSUCCESS[39m[1m[0m[0m[1m[23m[24m[27m[28m[29m[39m[49m[22m [[3m2025-01-15 06:52:14[23m] [38;5;248mhawkinR/get_access -> Your access token was recieved and stored for use by other hawkinR functions. Your token will expire at 2025-01-15 07:52:14[39m[0m[0m[22m[23m[24m[27m[28m[29m[39m[49m
[1m[0mINFO[0m[1m[23m[24m[27m[28m[29m[39m[49m[0m[0m[1m[23m[24m[27m[28m[29m[39m[49m[22m [[3m2025-01-15 06:57:08[23m] [38;5;246mAttempting to sign in user with email: info@btgphysicaltherapy.com[39m[0m[0m[22m[23m[24m[27m[28m[29m[39m[49m
[1m[0mINFO[0m[1m[23m[24m[27m[28m[29m[39m[49m[0m[0m[1m[23m[24m[27m[28m[29m[39m[49m[22m [[3m2025-01-15 06:57:08[23m] [38;5;246mUser signed in successfully: info@btgphysicaltherapy.com[39m[0m[0m[22m[23m[24m[27m[28m[29m[39m[49m
[1m[1m[38;5;34mSUCCESS[39m[1m[0m[0m[1m[23m[24m[27m[28m[29m[39m[49m[22m [[3m2025-01-15 06:57:11[23m] [38;5;248mhawkinR/get_access -> Your access token was recieved and stored for use by other hawkinR functions. Your token will expire at 2025-01-15 07:57:11[39m[0m[0m[22m[23m[24m[27m[28m[29m[39m[49m
[1m[0mINFO[0m[1m[23m[24m[27m[28m[29m[39m[49m[0m[0m[1m[23m[24m[27m[28m[29m[39m[49m[22m [[3m2025-01-15 06:57:53[23m] [38;5;246mAttempting to sign in user with email: info@btgphysicaltherapy.com[39m[0m[0m[22m[23m[24m[27m[28m[29m[39m[49m
[1m[0mINFO[0m[1m[23m[24m[27m[28m[29m[39m[49m[0m[0m[1m[23m[24m[27m[28m[29m[39m[49m[22m [[3m2025-01-15 06:57:53[23m] [38;5;246mUser signed in successfully: info@btgphysicaltherapy.com[39m[0m[0m[22m[23m[24m[27m[28m[29m[39m[49m
[1m[1m[38;5;34mSUCCESS[39m[1m[0m[0m[1m[23m[24m[27m[28m[29m[39m[49m[22m [[3m2025-01-15 06:57:55[23m] [38;5;248mhawkinR/get_access -> Your access token was recieved and stored for use by other hawkinR functions. Your token will expire at 2025-01-15 07:57:55[39m[0m[0m[22m[23m[24m[27m[28m[29m[39m[49m
[1m[0mINFO[0m[1m[23m[24m[27m[28m[29m[39m[49m[0m[0m[1m[23m[24m[27m[28m[29m[39m[49m[22m [[3m2025-01-15 07:00:02[23m] [38;5;246mAttempting to sign in user with email: info@btgphysicaltherapy.com[39m[0m[0m[22m[23m[24m[27m[28m[29m[39m[49m
[1m[0mINFO[0m[1m[23m[24m[27m[28m[29m[39m[49m[0m[0m[1m[23m[24m[27m[28m[29m[39m[49m[22m [[3m2025-01-15 07:00:03[23m] [38;5;246mUser signed in successfully: info@btgphysicaltherapy.com[39m[0m[0m[22m[23m[24m[27m[28m[29m[39m[49m
[1m[1m[38;5;34mSUCCESS[39m[1m[0m[0m[1m[23m[24m[27m[28m[29m[39m[49m[22m [[3m2025-01-15 07:00:05[23m] [38;5;248mhawkinR/get_access -> Your access token was recieved and stored for use by other hawkinR functions. Your token will expire at 2025-01-15 08:00:05[39m[0m[0m[22m[23m[24m[27m[28m[29m[39m[49m
[1m[0mINFO[0m[1m[23m[24m[27m[28m[29m[39m[49m[0m[0m[1m[23m[24m[27m[28m[29m[39m[49m[22m [[3m2025-01-15 07:08:53[23m] [38;5;246mAttempting to sign in user with email: info@btgphysicaltherapy.com[39m[0m[0m[22m[23m[24m[27m[28m[29m[39m[49m
[1m[0mINFO[0m[1m[23m[24m[27m[28m[29m[39m[49m[0m[0m[1m[23m[24m[27m[28m[29m[39m[49m[22m [[3m2025-01-15 07:08:53[23m] [38;5;246mUser signed in successfully: info@btgphysicaltherapy.com[39m[0m[0m[22m[23m[24m[27m[28m[29m[39m[49m
[1m[1m[38;5;34mSUCCESS[39m[1m[0m[0m[1m[23m[24m[27m[28m[29m[39m[49m[22m [[3m2025-01-15 07:08:57[23m] [38;5;248mhawkinR/get_access -> Your access token was recieved and stored for use by other hawkinR functions. Your token will expire at 2025-01-15 08:08:57[39m[0m[0m[22m[23m[24m[27m[28m[29m[39m[49m
[1m[0mINFO[0m[1m[23m[24m[27m[28m[29m[39m[49m[0m[0m[1m[23m[24m[27m[28m[29m[39m[49m[22m [[3m2025-01-15 07:10:07[23m] [38;5;246mAttempting to sign in user with email: info@btgphysicaltherapy.com[39m[0m[0m[22m[23m[24m[27m[28m[29m[39m[49m
[1m[0mINFO[0m[1m[23m[24m[27m[28m[29m[39m[49m[0m[0m[1m[23m[24m[27m[28m[29m[39m[49m[22m [[3m2025-01-15 07:10:08[23m] [38;5;246mUser signed in successfully: info@btgphysicaltherapy.com[39m[0m[0m[22m[23m[24m[27m[28m[29m[39m[49m
[1m[1m[38;5;34mSUCCESS[39m[1m[0m[0m[1m[23m[24m[27m[28m[29m[39m[49m[22m [[3m2025-01-15 07:10:09[23m] [38;5;248mhawkinR/get_access -> Your access token was recieved and stored for use by other hawkinR functions. Your token will expire at 2025-01-15 08:10:09[39m[0m[0m[22m[23m[24m[27m[28m[29m[39m[49m
[1m[0mINFO[0m[1m[23m[24m[27m[28m[29m[39m[49m[0m[0m[1m[23m[24m[27m[28m[29m[39m[49m[22m [[3m2025-01-15 07:12:40[23m] [38;5;246mAttempting to sign in user with email: info@btgphysicaltherapy.com[39m[0m[0m[22m[23m[24m[27m[28m[29m[39m[49m
[1m[0mINFO[0m[1m[23m[24m[27m[28m[29m[39m[49m[0m[0m[1m[23m[24m[27m[28m[29m[39m[49m[22m [[3m2025-01-15 07:12:40[23m] [38;5;246mUser signed in successfully: info@btgphysicaltherapy.com[39m[0m[0m[22m[23m[24m[27m[28m[29m[39m[49m
[1m[1m[38;5;34mSUCCESS[39m[1m[0m[0m[1m[23m[24m[27m[28m[29m[39m[49m[22m [[3m2025-01-15 07:12:43[23m] [38;5;248mhawkinR/get_access -> Your access token was recieved and stored for use by other hawkinR functions. Your token will expire at 2025-01-15 08:12:43[39m[0m[0m[22m[23m[24m[27m[28m[29m[39m[49m
[1m[0mINFO[0m[1m[23m[24m[27m[28m[29m[39m[49m[0m[0m[1m[23m[24m[27m[28m[29m[39m[49m[22m [[3m2025-01-15 07:13:52[23m] [38;5;246mAttempting to sign in user with email: info@btgphysicaltherapy.com[39m[0m[0m[22m[23m[24m[27m[28m[29m[39m[49m
[1m[0mINFO[0m[1m[23m[24m[27m[28m[29m[39m[49m[0m[0m[1m[23m[24m[27m[28m[29m[39m[49m[22m [[3m2025-01-15 07:13:52[23m] [38;5;246mUser signed in successfully: info@btgphysicaltherapy.com[39m[0m[0m[22m[23m[24m[27m[28m[29m[39m[49m
[1m[1m[38;5;34mSUCCESS[39m[1m[0m[0m[1m[23m[24m[27m[28m[29m[39m[49m[22m [[3m2025-01-15 07:13:54[23m] [38;5;248mhawkinR/get_access -> Your access token was recieved and stored for use by other hawkinR functions. Your token will expire at 2025-01-15 08:13:54[39m[0m[0m[22m[23m[24m[27m[28m[29m[39m[49m
[1m[0mINFO[0m[1m[23m[24m[27m[28m[29m[39m[49m[0m[0m[1m[23m[24m[27m[28m[29m[39m[49m[22m [[3m2025-01-15 07:16:14[23m] [38;5;246mAttempting to sign in user with email: info@btgphysicaltherapy.com[39m[0m[0m[22m[23m[24m[27m[28m[29m[39m[49m
[1m[0mINFO[0m[1m[23m[24m[27m[28m[29m[39m[49m[0m[0m[1m[23m[24m[27m[28m[29m[39m[49m[22m [[3m2025-01-15 07:16:14[23m] [38;5;246mUser signed in successfully: info@btgphysicaltherapy.com[39m[0m[0m[22m[23m[24m[27m[28m[29m[39m[49m
[1m[1m[38;5;34mSUCCESS[39m[1m[0m[0m[1m[23m[24m[27m[28m[29m[39m[49m[22m [[3m2025-01-15 07:16:16[23m] [38;5;248mhawkinR/get_access -> Your access token was recieved and stored for use by other hawkinR functions. Your token will expire at 2025-01-15 08:16:16[39m[0m[0m[22m[23m[24m[27m[28m[29m[39m[49m
[1m[0mINFO[0m[1m[23m[24m[27m[28m[29m[39m[49m[0m[0m[1m[23m[24m[27m[28m[29m[39m[49m[22m [[3m2025-01-15 07:16:41[23m] [38;5;246mAttempting to sign in user with email: info@btgphysicaltherapy.com[39m[0m[0m[22m[23m[24m[27m[28m[29m[39m[49m
[1m[0mINFO[0m[1m[23m[24m[27m[28m[29m[39m[49m[0m[0m[1m[23m[24m[27m[28m[29m[39m[49m[22m [[3m2025-01-15 07:16:42[23m] [38;5;246mUser signed in successfully: info@btgphysicaltherapy.com[39m[0m[0m[22m[23m[24m[27m[28m[29m[39m[49m
[1m[1m[38;5;34mSUCCESS[39m[1m[0m[0m[1m[23m[24m[27m[28m[29m[39m[49m[22m [[3m2025-01-15 07:16:43[23m] [38;5;248mhawkinR/get_access -> Your access token was recieved and stored for use by other hawkinR functions. Your token will expire at 2025-01-15 08:16:43[39m[0m[0m[22m[23m[24m[27m[28m[29m[39m[49m
[1m[0mINFO[0m[1m[23m[24m[27m[28m[29m[39m[49m[0m[0m[1m[23m[24m[27m[28m[29m[39m[49m[22m [[3m2025-01-15 07:18:47[23m] [38;5;246mAttempting to sign in user with email: info@btgphysicaltherapy.com[39m[0m[0m[22m[23m[24m[27m[28m[29m[39m[49m
[1m[0mINFO[0m[1m[23m[24m[27m[28m[29m[39m[49m[0m[0m[1m[23m[24m[27m[28m[29m[39m[49m[22m [[3m2025-01-15 07:18:47[23m] [38;5;246mUser signed in successfully: info@btgphysicaltherapy.com[39m[0m[0m[22m[23m[24m[27m[28m[29m[39m[49m
[1m[1m[38;5;34mSUCCESS[39m[1m[0m[0m[1m[23m[24m[27m[28m[29m[39m[49m[22m [[3m2025-01-15 07:18:50[23m] [38;5;248mhawkinR/get_access -> Your access token was recieved and stored for use by other hawkinR functions. Your token will expire at 2025-01-15 08:18:50[39m[0m[0m[22m[23m[24m[27m[28m[29m[39m[49m
[1m[0mINFO[0m[1m[23m[24m[27m[28m[29m[39m[49m[0m[0m[1m[23m[24m[27m[28m[29m[39m[49m[22m [[3m2025-01-15 07:22:37[23m] [38;5;246mAttempting to sign in user with email: info@btgphysicaltherapy.com[39m[0m[0m[22m[23m[24m[27m[28m[29m[39m[49m
[1m[0mINFO[0m[1m[23m[24m[27m[28m[29m[39m[49m[0m[0m[1m[23m[24m[27m[28m[29m[39m[49m[22m [[3m2025-01-15 07:22:38[23m] [38;5;246mUser signed in successfully: info@btgphysicaltherapy.com[39m[0m[0m[22m[23m[24m[27m[28m[29m[39m[49m
[1m[1m[38;5;34mSUCCESS[39m[1m[0m[0m[1m[23m[24m[27m[28m[29m[39m[49m[22m [[3m2025-01-15 07:22:41[23m] [38;5;248mhawkinR/get_access -> Your access token was recieved and stored for use by other hawkinR functions. Your token will expire at 2025-01-15 08:22:41[39m[0m[0m[22m[23m[24m[27m[28m[29m[39m[49m
[1m[0mINFO[0m[1m[23m[24m[27m[28m[29m[39m[49m[0m[0m[1m[23m[24m[27m[28m[29m[39m[49m[22m [[3m2025-01-15 07:31:49[23m] [38;5;246mAttempting to sign in user with email: info@btgphysicaltherapy.com[39m[0m[0m[22m[23m[24m[27m[28m[29m[39m[49m
[1m[0mINFO[0m[1m[23m[24m[27m[28m[29m[39m[49m[0m[0m[1m[23m[24m[27m[28m[29m[39m[49m[22m [[3m2025-01-15 07:31:49[23m] [38;5;246mUser signed in successfully: info@btgphysicaltherapy.com[39m[0m[0m[22m[23m[24m[27m[28m[29m[39m[49m
[1m[1m[38;5;34mSUCCESS[39m[1m[0m[0m[1m[23m[24m[27m[28m[29m[39m[49m[22m [[3m2025-01-15 07:31:51[23m] [38;5;248mhawkinR/get_access -> Your access token was recieved and stored for use by other hawkinR functions. Your token will expire at 2025-01-15 08:31:51[39m[0m[0m[22m[23m[24m[27m[28m[29m[39m[49m
[1m[0mINFO[0m[1m[23m[24m[27m[28m[29m[39m[49m[0m[0m[1m[23m[24m[27m[28m[29m[39m[49m[22m [[3m2025-01-15 07:35:03[23m] [38;5;246mAttempting to sign in user with email: info@btgphysicaltherapy.com[39m[0m[0m[22m[23m[24m[27m[28m[29m[39m[49m
[1m[0mINFO[0m[1m[23m[24m[27m[28m[29m[39m[49m[0m[0m[1m[23m[24m[27m[28m[29m[39m[49m[22m [[3m2025-01-15 07:35:03[23m] [38;5;246mUser signed in successfully: info@btgphysicaltherapy.com[39m[0m[0m[22m[23m[24m[27m[28m[29m[39m[49m
[1m[1m[38;5;34mSUCCESS[39m[1m[0m[0m[1m[23m[24m[27m[28m[29m[39m[49m[22m [[3m2025-01-15 07:35:05[23m] [38;5;248mhawkinR/get_access -> Your access token was recieved and stored for use by other hawkinR functions. Your token will expire at 2025-01-15 08:35:05[39m[0m[0m[22m[23m[24m[27m[28m[29m[39m[49m
[1m[0mINFO[0m[1m[23m[24m[27m[28m[29m[39m[49m[0m[0m[1m[23m[24m[27m[28m[29m[39m[49m[22m [[3m2025-01-15 07:35:33[23m] [38;5;246mAttempting to sign in user with email: info@btgphysicaltherapy.com[39m[0m[0m[22m[23m[24m[27m[28m[29m[39m[49m
[1m[0mINFO[0m[1m[23m[24m[27m[28m[29m[39m[49m[0m[0m[1m[23m[24m[27m[28m[29m[39m[49m[22m [[3m2025-01-15 07:35:33[23m] [38;5;246mUser signed in successfully: info@btgphysicaltherapy.com[39m[0m[0m[22m[23m[24m[27m[28m[29m[39m[49m
[1m[1m[38;5;34mSUCCESS[39m[1m[0m[0m[1m[23m[24m[27m[28m[29m[39m[49m[22m [[3m2025-01-15 07:35:36[23m] [38;5;248mhawkinR/get_access -> Your access token was recieved and stored for use by other hawkinR functions. Your token will expire at 2025-01-15 08:35:36[39m[0m[0m[22m[23m[24m[27m[28m[29m[39m[49m
[1m[0mINFO[0m[1m[23m[24m[27m[28m[29m[39m[49m[0m[0m[1m[23m[24m[27m[28m[29m[39m[49m[22m [[3m2025-01-15 07:40:06[23m] [38;5;246mAttempting to sign in user with email: info@btgphysicaltherapy.com[39m[0m[0m[22m[23m[24m[27m[28m[29m[39m[49m
[1m[0mINFO[0m[1m[23m[24m[27m[28m[29m[39m[49m[0m[0m[1m[23m[24m[27m[28m[29m[39m[49m[22m [[3m2025-01-15 07:40:06[23m] [38;5;246mUser signed in successfully: info@btgphysicaltherapy.com[39m[0m[0m[22m[23m[24m[27m[28m[29m[39m[49m
[1m[1m[38;5;34mSUCCESS[39m[1m[0m[0m[1m[23m[24m[27m[28m[29m[39m[49m[22m [[3m2025-01-15 07:40:09[23m] [38;5;248mhawkinR/get_access -> Your access token was recieved and stored for use by other hawkinR functions. Your token will expire at 2025-01-15 08:40:09[39m[0m[0m[22m[23m[24m[27m[28m[29m[39m[49m
[1m[0mINFO[0m[1m[23m[24m[27m[28m[29m[39m[49m[0m[0m[1m[23m[24m[27m[28m[29m[39m[49m[22m [[3m2025-01-15 07:41:00[23m] [38;5;246mAttempting to sign in user with email: info@btgphysicaltherapy.com[39m[0m[0m[22m[23m[24m[27m[28m[29m[39m[49m
[1m[0mINFO[0m[1m[23m[24m[27m[28m[29m[39m[49m[0m[0m[1m[23m[24m[27m[28m[29m[39m[49m[22m [[3m2025-01-15 07:41:00[23m] [38;5;246mUser signed in successfully: info@btgphysicaltherapy.com[39m[0m[0m[22m[23m[24m[27m[28m[29m[39m[49m
[1m[1m[38;5;34mSUCCESS[39m[1m[0m[0m[1m[23m[24m[27m[28m[29m[39m[49m[22m [[3m2025-01-15 07:41:01[23m] [38;5;248mhawkinR/get_access -> Your access token was recieved and stored for use by other hawkinR functions. Your token will expire at 2025-01-15 08:41:01[39m[0m[0m[22m[23m[24m[27m[28m[29m[39m[49m
[1m[0mINFO[0m[1m[23m[24m[27m[28m[29m[39m[49m[0m[0m[1m[23m[24m[27m[28m[29m[39m[49m[22m [[3m2025-01-15 07:41:53[23m] [38;5;246mAttempting to sign in user with email: info@btgphysicaltherapy.com[39m[0m[0m[22m[23m[24m[27m[28m[29m[39m[49m
[1m[0mINFO[0m[1m[23m[24m[27m[28m[29m[39m[49m[0m[0m[1m[23m[24m[27m[28m[29m[39m[49m[22m [[3m2025-01-15 07:41:53[23m] [38;5;246mUser signed in successfully: info@btgphysicaltherapy.com[39m[0m[0m[22m[23m[24m[27m[28m[29m[39m[49m
[1m[1m[38;5;34mSUCCESS[39m[1m[0m[0m[1m[23m[24m[27m[28m[29m[39m[49m[22m [[3m2025-01-15 07:41:56[23m] [38;5;248mhawkinR/get_access -> Your access token was recieved and stored for use by other hawkinR functions. Your token will expire at 2025-01-15 08:41:56[39m[0m[0m[22m[23m[24m[27m[28m[29m[39m[49m
[1m[0mINFO[0m[1m[23m[24m[27m[28m[29m[39m[49m[0m[0m[1m[23m[24m[27m[28m[29m[39m[49m[22m [[3m2025-01-15 08:13:56[23m] [38;5;246mAttempting to sign in user with email: info@btgphysicaltherapy.com[39m[0m[0m[22m[23m[24m[27m[28m[29m[39m[49m
[1m[0mINFO[0m[1m[23m[24m[27m[28m[29m[39m[49m[0m[0m[1m[23m[24m[27m[28m[29m[39m[49m[22m [[3m2025-01-15 08:13:57[23m] [38;5;246mUser signed in successfully: info@btgphysicaltherapy.com[39m[0m[0m[22m[23m[24m[27m[28m[29m[39m[49m
[1m[1m[38;5;34mSUCCESS[39m[1m[0m[0m[1m[23m[24m[27m[28m[29m[39m[49m[22m [[3m2025-01-15 08:13:59[23m] [38;5;248mhawkinR/get_access -> Your access token was recieved and stored for use by other hawkinR functions. Your token will expire at 2025-01-15 09:13:59[39m[0m[0m[22m[23m[24m[27m[28m[29m[39m[49m
[1m[0mINFO[0m[1m[23m[24m[27m[28m[29m[39m[49m[0m[0m[1m[23m[24m[27m[28m[29m[39m[49m[22m [[3m2025-01-15 08:15:32[23m] [38;5;246mAttempting to sign in user with email: info@btgphysicaltherapy.com[39m[0m[0m[22m[23m[24m[27m[28m[29m[39m[49m
[1m[0mINFO[0m[1m[23m[24m[27m[28m[29m[39m[49m[0m[0m[1m[23m[24m[27m[28m[29m[39m[49m[22m [[3m2025-01-15 08:15:32[23m] [38;5;246mUser signed in successfully: info@btgphysicaltherapy.com[39m[0m[0m[22m[23m[24m[27m[28m[29m[39m[49m
[1m[1m[38;5;34mSUCCESS[39m[1m[0m[0m[1m[23m[24m[27m[28m[29m[39m[49m[22m [[3m2025-01-15 08:15:34[23m] [38;5;248mhawkinR/get_access -> Your access token was recieved and stored for use by other hawkinR functions. Your token will expire at 2025-01-15 09:15:34[39m[0m[0m[22m[23m[24m[27m[28m[29m[39m[49m
[1m[0mINFO[0m[1m[23m[24m[27m[28m[29m[39m[49m[0m[0m[1m[23m[24m[27m[28m[29m[39m[49m[22m [[3m2025-01-15 08:18:58[23m] [38;5;246mAttempting to sign in user with email: info@btgphysicaltherapy.com[39m[0m[0m[22m[23m[24m[27m[28m[29m[39m[49m
[1m[0mINFO[0m[1m[23m[24m[27m[28m[29m[39m[49m[0m[0m[1m[23m[24m[27m[28m[29m[39m[49m[22m [[3m2025-01-15 08:18:58[23m] [38;5;246mUser signed in successfully: info@btgphysicaltherapy.com[39m[0m[0m[22m[23m[24m[27m[28m[29m[39m[49m
[1m[1m[38;5;34mSUCCESS[39m[1m[0m[0m[1m[23m[24m[27m[28m[29m[39m[49m[22m [[3m2025-01-15 08:19:02[23m] [38;5;248mhawkinR/get_access -> Your access token was recieved and stored for use by other hawkinR functions. Your token will expire at 2025-01-15 09:19:02[39m[0m[0m[22m[23m[24m[27m[28m[29m[39m[49m
[1m[0mINFO[0m[1m[23m[24m[27m[28m[29m[39m[49m[0m[0m[1m[23m[24m[27m[28m[29m[39m[49m[22m [[3m2025-01-15 08:24:05[23m] [38;5;246mAttempting to sign in user with email: info@btgphysicaltherapy.com[39m[0m[0m[22m[23m[24m[27m[28m[29m[39m[49m
[1m[0mINFO[0m[1m[23m[24m[27m[28m[29m[39m[49m[0m[0m[1m[23m[24m[27m[28m[29m[39m[49m[22m [[3m2025-01-15 08:24:05[23m] [38;5;246mUser signed in successfully: info@btgphysicaltherapy.com[39m[0m[0m[22m[23m[24m[27m[28m[29m[39m[49m
[1m[1m[38;5;34mSUCCESS[39m[1m[0m[0m[1m[23m[24m[27m[28m[29m[39m[49m[22m [[3m2025-01-15 08:24:08[23m] [38;5;248mhawkinR/get_access -> Your access token was recieved and stored for use by other hawkinR functions. Your token will expire at 2025-01-15 09:24:08[39m[0m[0m[22m[23m[24m[27m[28m[29m[39m[49m
[1m[0mINFO[0m[1m[23m[24m[27m[28m[29m[39m[49m[0m[0m[1m[23m[24m[27m[28m[29m[39m[49m[22m [[3m2025-01-15 08:29:10[23m] [38;5;246mAttempting to sign in user with email: info@btgphysicaltherapy.com[39m[0m[0m[22m[23m[24m[27m[28m[29m[39m[49m
[1m[0mINFO[0m[1m[23m[24m[27m[28m[29m[39m[49m[0m[0m[1m[23m[24m[27m[28m[29m[39m[49m[22m [[3m2025-01-15 08:29:10[23m] [38;5;246mUser signed in successfully: info@btgphysicaltherapy.com[39m[0m[0m[22m[23m[24m[27m[28m[29m[39m[49m
[1m[1m[38;5;34mSUCCESS[39m[1m[0m[0m[1m[23m[24m[27m[28m[29m[39m[49m[22m [[3m2025-01-15 08:29:12[23m] [38;5;248mhawkinR/get_access -> Your access token was recieved and stored for use by other hawkinR functions. Your token will expire at 2025-01-15 09:29:12[39m[0m[0m[22m[23m[24m[27m[28m[29m[39m[49m
[1m[0mINFO[0m[1m[23m[24m[27m[28m[29m[39m[49m[0m[0m[1m[23m[24m[27m[28m[29m[39m[49m[22m [[3m2025-01-15 08:30:57[23m] [38;5;246mAttempting to sign in user with email: info@btgphysicaltherapy.com[39m[0m[0m[22m[23m[24m[27m[28m[29m[39m[49m
[1m[0mINFO[0m[1m[23m[24m[27m[28m[29m[39m[49m[0m[0m[1m[23m[24m[27m[28m[29m[39m[49m[22m [[3m2025-01-15 08:30:57[23m] [38;5;246mUser signed in successfully: info@btgphysicaltherapy.com[39m[0m[0m[22m[23m[24m[27m[28m[29m[39m[49m
[1m[1m[38;5;34mSUCCESS[39m[1m[0m[0m[1m[23m[24m[27m[28m[29m[39m[49m[22m [[3m2025-01-15 08:30:58[23m] [38;5;248mhawkinR/get_access -> Your access token was recieved and stored for use by other hawkinR functions. Your token will expire at 2025-01-15 09:30:58[39m[0m[0m[22m[23m[24m[27m[28m[29m[39m[49m
[1m[0mINFO[0m[1m[23m[24m[27m[28m[29m[39m[49m[0m[0m[1m[23m[24m[27m[28m[29m[39m[49m[22m [[3m2025-01-16 05:25:00[23m] [38;5;246mAttempting to sign in user with email: info@btgphysicaltherapy.com[39m[0m[0m[22m[23m[24m[27m[28m[29m[39m[49m
[1m[0mINFO[0m[1m[23m[24m[27m[28m[29m[39m[49m[0m[0m[1m[23m[24m[27m[28m[29m[39m[49m[22m [[3m2025-01-16 05:25:00[23m] [38;5;246mUser signed in successfully: info@btgphysicaltherapy.com[39m[0m[0m[22m[23m[24m[27m[28m[29m[39m[49m
[1m[1m[38;5;34mSUCCESS[39m[1m[0m[0m[1m[23m[24m[27m[28m[29m[39m[49m[22m [[3m2025-01-16 05:25:03[23m] [38;5;248mhawkinR/get_access -> Your access token was recieved and stored for use by other hawkinR functions. Your token will expire at 2025-01-16 06:25:03[39m[0m[0m[22m[23m[24m[27m[28m[29m[39m[49m
[1m[0mINFO[0m[1m[23m[24m[27m[28m[29m[39m[49m[0m[0m[1m[23m[24m[27m[28m[29m[39m[49m[22m [[3m2025-01-16 05:34:26[23m] [38;5;246mAttempting to sign in user with email: info@btgphysicaltherapy.com[39m[0m[0m[22m[23m[24m[27m[28m[29m[39m[49m
[1m[0mINFO[0m[1m[23m[24m[27m[28m[29m[39m[49m[0m[0m[1m[23m[24m[27m[28m[29m[39m[49m[22m [[3m2025-01-16 05:34:26[23m] [38;5;246mUser signed in successfully: info@btgphysicaltherapy.com[39m[0m[0m[22m[23m[24m[27m[28m[29m[39m[49m
[1m[1m[38;5;34mSUCCESS[39m[1m[0m[0m[1m[23m[24m[27m[28m[29m[39m[49m[22m [[3m2025-01-16 05:34:30[23m] [38;5;248mhawkinR/get_access -> Your access token was recieved and stored for use by other hawkinR functions. Your token will expire at 2025-01-16 06:34:30[39m[0m[0m[22m[23m[24m[27m[28m[29m[39m[49m
[1m[0mINFO[0m[1m[23m[24m[27m[28m[29m[39m[49m[0m[0m[1m[23m[24m[27m[28m[29m[39m[49m[22m [[3m2025-01-16 05:35:54[23m] [38;5;246mAttempting to sign in user with email: info@btgphysicaltherapy.com[39m[0m[0m[22m[23m[24m[27m[28m[29m[39m[49m
[1m[0mINFO[0m[1m[23m[24m[27m[28m[29m[39m[49m[0m[0m[1m[23m[24m[27m[28m[29m[39m[49m[22m [[3m2025-01-16 05:35:54[23m] [38;5;246mUser signed in successfully: info@btgphysicaltherapy.com[39m[0m[0m[22m[23m[24m[27m[28m[29m[39m[49m
[1m[1m[38;5;34mSUCCESS[39m[1m[0m[0m[1m[23m[24m[27m[28m[29m[39m[49m[22m [[3m2025-01-16 05:35:57[23m] [38;5;248mhawkinR/get_access -> Your access token was recieved and stored for use by other hawkinR functions. Your token will expire at 2025-01-16 06:35:57[39m[0m[0m[22m[23m[24m[27m[28m[29m[39m[49m
[1m[0mINFO[0m[1m[23m[24m[27m[28m[29m[39m[49m[0m[0m[1m[23m[24m[27m[28m[29m[39m[49m[22m [[3m2025-01-16 05:37:18[23m] [38;5;246mAttempting to sign in user with email: info@btgphysicaltherapy.com[39m[0m[0m[22m[23m[24m[27m[28m[29m[39m[49m
[1m[0mINFO[0m[1m[23m[24m[27m[28m[29m[39m[49m[0m[0m[1m[23m[24m[27m[28m[29m[39m[49m[22m [[3m2025-01-16 05:37:18[23m] [38;5;246mUser signed in successfully: info@btgphysicaltherapy.com[39m[0m[0m[22m[23m[24m[27m[28m[29m[39m[49m
[1m[1m[38;5;34mSUCCESS[39m[1m[0m[0m[1m[23m[24m[27m[28m[29m[39m[49m[22m [[3m2025-01-16 05:37:20[23m] [38;5;248mhawkinR/get_access -> Your access token was recieved and stored for use by other hawkinR functions. Your token will expire at 2025-01-16 06:37:20[39m[0m[0m[22m[23m[24m[27m[28m[29m[39m[49m
[1m[0mINFO[0m[1m[23m[24m[27m[28m[29m[39m[49m[0m[0m[1m[23m[24m[27m[28m[29m[39m[49m[22m [[3m2025-01-16 06:57:58[23m] [38;5;246mAttempting to sign in user with email: info@btgphysicaltherapy.com[39m[0m[0m[22m[23m[24m[27m[28m[29m[39m[49m
[1m[0mINFO[0m[1m[23m[24m[27m[28m[29m[39m[49m[0m[0m[1m[23m[24m[27m[28m[29m[39m[49m[22m [[3m2025-01-16 06:57:58[23m] [38;5;246mUser signed in successfully: info@btgphysicaltherapy.com[39m[0m[0m[22m[23m[24m[27m[28m[29m[39m[49m
[1m[1m[38;5;34mSUCCESS[39m[1m[0m[0m[1m[23m[24m[27m[28m[29m[39m[49m[22m [[3m2025-01-16 06:58:00[23m] [38;5;248mhawkinR/get_access -> Your access token was recieved and stored for use by other hawkinR functions. Your token will expire at 2025-01-16 07:58:00[39m[0m[0m[22m[23m[24m[27m[28m[29m[39m[49m
[1m[0mINFO[0m[1m[23m[24m[27m[28m[29m[39m[49m[0m[0m[1m[23m[24m[27m[28m[29m[39m[49m[22m [[3m2025-01-16 06:59:24[23m] [38;5;246mAttempting to sign in user with email: info@btgphysicaltherapy.com[39m[0m[0m[22m[23m[24m[27m[28m[29m[39m[49m
[1m[0mINFO[0m[1m[23m[24m[27m[28m[29m[39m[49m[0m[0m[1m[23m[24m[27m[28m[29m[39m[49m[22m [[3m2025-01-16 06:59:24[23m] [38;5;246mUser signed in successfully: info@btgphysicaltherapy.com[39m[0m[0m[22m[23m[24m[27m[28m[29m[39m[49m
[1m[1m[38;5;34mSUCCESS[39m[1m[0m[0m[1m[23m[24m[27m[28m[29m[39m[49m[22m [[3m2025-01-16 06:59:26[23m] [38;5;248mhawkinR/get_access -> Your access token was recieved and stored for use by other hawkinR functions. Your token will expire at 2025-01-16 07:59:26[39m[0m[0m[22m[23m[24m[27m[28m[29m[39m[49m
[1m[0mINFO[0m[1m[23m[24m[27m[28m[29m[39m[49m[0m[0m[1m[23m[24m[27m[28m[29m[39m[49m[22m [[3m2025-01-16 07:04:56[23m] [38;5;246mAttempting to sign in user with email: info@btgphysicaltherapy.com[39m[0m[0m[22m[23m[24m[27m[28m[29m[39m[49m
[1m[0mINFO[0m[1m[23m[24m[27m[28m[29m[39m[49m[0m[0m[1m[23m[24m[27m[28m[29m[39m[49m[22m [[3m2025-01-16 07:04:57[23m] [38;5;246mUser signed in successfully: info@btgphysicaltherapy.com[39m[0m[0m[22m[23m[24m[27m[28m[29m[39m[49m
[1m[1m[38;5;34mSUCCESS[39m[1m[0m[0m[1m[23m[24m[27m[28m[29m[39m[49m[22m [[3m2025-01-16 07:04:59[23m] [38;5;248mhawkinR/get_access -> Your access token was recieved and stored for use by other hawkinR functions. Your token will expire at 2025-01-16 08:04:59[39m[0m[0m[22m[23m[24m[27m[28m[29m[39m[49m
[1m[0mINFO[0m[1m[23m[24m[27m[28m[29m[39m[49m[0m[0m[1m[23m[24m[27m[28m[29m[39m[49m[22m [[3m2025-01-16 07:12:52[23m] [38;5;246mAttempting to sign in user with email: info@btgphysicaltherapy.com[39m[0m[0m[22m[23m[24m[27m[28m[29m[39m[49m
[1m[0mINFO[0m[1m[23m[24m[27m[28m[29m[39m[49m[0m[0m[1m[23m[24m[27m[28m[29m[39m[49m[22m [[3m2025-01-16 07:12:53[23m] [38;5;246mUser signed in successfully: info@btgphysicaltherapy.com[39m[0m[0m[22m[23m[24m[27m[28m[29m[39m[49m
[1m[1m[38;5;34mSUCCESS[39m[1m[0m[0m[1m[23m[24m[27m[28m[29m[39m[49m[22m [[3m2025-01-16 07:12:55[23m] [38;5;248mhawkinR/get_access -> Your access token was recieved and stored for use by other hawkinR functions. Your token will expire at 2025-01-16 08:12:55[39m[0m[0m[22m[23m[24m[27m[28m[29m[39m[49m
[1m[1m[38;5;34mSUCCESS[39m[1m[0m[0m[1m[23m[24m[27m[28m[29m[39m[49m[22m [[3m2025-01-16 07:14:42[23m] [38;5;248mhawkinR/get_athletes -> 742 athletes returned[39m[0m[0m[22m[23m[24m[27m[28m[29m[39m[49m
[1m[1m[38;5;34mSUCCESS[39m[1m[0m[0m[1m[23m[24m[27m[28m[29m[39m[49m[22m [[3m2025-01-16 07:15:32[23m] [38;5;248mhawkinR/get_athletes -> 742 athletes returned[39m[0m[0m[22m[23m[24m[27m[28m[29m[39m[49m
[1m[1m[38;5;34mSUCCESS[39m[1m[0m[0m[1m[23m[24m[27m[28m[29m[39m[49m[22m [[3m2025-01-16 07:19:00[23m] [38;5;248mhawkinR/get_access -> Your access token was recieved and stored for use by other hawkinR functions. Your token will expire at 2025-01-16 08:19:00[39m[0m[0m[22m[23m[24m[27m[28m[29m[39m[49m
[1m[1m[38;5;34mSUCCESS[39m[1m[0m[0m[1m[23m[24m[27m[28m[29m[39m[49m[22m [[3m2025-01-16 07:19:29[23m] [38;5;248mhawkinR/get_athletes -> 742 athletes returned[39m[0m[0m[22m[23m[24m[27m[28m[29m[39m[49m
[1m[1m[38;5;34mSUCCESS[39m[1m[0m[0m[1m[23m[24m[27m[28m[29m[39m[49m[22m [[3m2025-01-16 07:24:52[23m] [38;5;248mhawkinR/update_athletes -> 742 athletes updated successfully: Enzom, Flynn Ryan, Max Oshel, Logan Her, Mark Bedrik, Sapphyra Coleman, Eliza Presgave, Kiana Gonzalez, Quinton Maciel, Alessandra Griffiths, Alex Olsen, Devyn Bridgeman, Nevaeh Pearson, Evan Strauch, Jake Sheren, Dorsey Booth, Beck Barger, Gwen Gundlach, Drayson J9hansen, Jada Pereyda, Mac Poort, Finley Mckinnon, Leann Mendoza, Andrew Zaatra, Gemma Davis, Aaron Huang, Dmari F, Laura Micleusanu, Dave M, Nicholas Darnell, Taylor Hunter, Ava Condon, Madisun Melgoza, Luke Polkowski, Maya Nettles, Abigail Yoon, Kayden Owens, DeVaughn Dorrough, Kendra Hardy, Harper Gunderson, Ava Montelongo, David Vodopyanov, Haddy Samba, Sophia Kazinec, Salayah Moore, Joshua P, Audrey Chen, Ella Garrett, Kahlil C, Mj Wohlfeld, Aiden Gunderson, Zack O, Gillian Rossi, Tyus James, Kate Ryder, Troy Maxsom, Taylor Dawson, Adair Landborn, Emily Jolly, Nathan Carillo, Mac, Colby Harris, Kelsey Frank, Luke Hoybjerg, Nolan C, Hailey Sutton, Bailey Walpole, Chris Neiss, Karmynne Hazewood, Sidney Palmeri, Stella Watson, Hunter H, Hannah Mcginnis, Brian Azevedo, Kaylor Kovacevich, Annie Galovan, Javian Hernandez, Patrick Lambey, Jaden Henderson, Chris Goode, Nicolas Hill-gaston, Kyndle Bremby, Kelsey Granner, Camryn Barry, Claire Millan, Kartik Mehta, Andriy M, Anya Mejia, Rielyn Hooker, Blake Ray, Addison Schnell, Jocelyn Bang, Jaxton Sagaral, Jasmine B, Kenny Reprado, Melissa Mikshansky, Trudy Hiber, Parker Disom, Mehsaam Abdulrasool, Lizi Horning, Morgan Cleckler, Kori Rogers, Gabriela Gonzalez, Maya Leonhardt, Leah Jones, Ryan Buzbee, Elena Delmundo, Genevieve Rishwain, Joaquin Gomez, Ashley Olsen, Mark Omalu, Emily Lee, Olivia Wirth, Shelby Scoggins, Luke Davis, Lainey Fankhanel, Gillian Glikman, Dj Steward, Phillip Lee, Brendon Nguyen, Layla Alexander, Brylie Beltran, Katharyn Zawid, Kingston Nguyen, Leo Johnson, Noah Nast, Ajit Randhawa, Melesiale Beaman, Charlie Wohlfeld, David Mccarl, Livy Hickey, Katie Kramer, Aiden Morrissey, Jayden Ho, Emma Simmons, Anika Scolastico, Grace Stone, Noah G, Hailie Brennan, Hannah Houser, Rylie Haskin, Ava Miller, Sofie Urosevic, Ikaia Kaminskas, Alyssa Thiessen, Alice Grow, Gigi Pringle, Kelsey Magley, Deedra Smith, Phil Fayne, Kody Wong, Keon Tacata, Amanda Overmyer, Kenneisha Caston, Evelyn Hendrix, Ryan Mercer, Ireland Gillin, Zackery Ko, Ava Johnson, Molly T, Ashton Lynch, Quiya Wells, Kiet Bach, Davon Clare, Ryan Kannegeisser, Hannah Platt, Vincent S, Gabriel Crawford, Niyah Brown, Jordan Millan, Emma Gillis, Omare Edwards, Justin Tripp, Rowan Reising, Sophia Houston, Maddi Lane, Charli Roccuci, Jackson Burke, Garrett Izumi, Max Johnson, Aryana Van Hill, Malia Tanksley, Cyrus M, Norah Barmby, Sophia Del Castillo, Liv Smith, Pranil Raichura, Joshua Riera, Samuel Heintz, Jackson Carmichael, Makayla Hardesty, Nikolas Nettleman, Michael Duhaylungsod, Faith Rabb-patterson, Emily Bernal, Trinity Lapointe, Gabriella Groft, Jolie Leggitt, Azlynn Inman Basquez, Phoenix Thompson, Chase Mcquoid, Jeremy Faust, Tommy Tran, Alexis Mitchell, Sam Whitaker, Eden Fisher, Julian Santiago, Amelia Sabbagh, Reya Harmon, Emily Smith, Issac Bowman, Ryan Welch, Emilie Thoreson, Bianca Taguinod, Caitlin Jackson, Ryan Mcclintock, Gabrielle Rowe, Audriana Movsesian, Nalani Bustos, Riley Peneyra, Dillon N, Kasondra Vanpykeren, Cate Wells, Becca Brown, Dakota Trimble, Macey Smal., Justin Buchanan, Adam Alsamariae, Tracey Olsen, Teairra Kenner, Larkin Hernandez, Xanthe Ocampo, Maryn Hall, Luca Mcglynn, Avery Plummer, Deon Gusar, Olivia Lando, Kaitlin Meyer, Michael L, Cadence Kirkhouse, Robert Gillum, Boogie Ellis, Cameron Balder, Jacoby Rugnao, Katie Zawid, Sean An, Paige Linden, Mia Trujilo, Jlew, Makayla Miller, Daniel Castillo, Emma Palafox, Rachel Smith, Alana Seale, Christian O'kelley, Mikaela Strange, Macey Darnell, Coach Z, Rudra Vasadia, Madison Ortega, Roman Schwarzinger, Sean Zisper, Ryan London, Ronnoah A, Jaeden Burgstaller Woody, Creigha Cockrell, Mackenzie Ryan, Jacobb Bosetti, Kendall Kocher, Mia Eandi, Adam Coty, Audrey Mercer, Isabela Collazo, Braxton Brogan, Roman Volianiuk, Iackie Smith, Gavyn Dison, Lindsey Olsen, Kona B, Andrew Wang, Damian P, Henry Srabian, Camryn Reiser, Keith Z, Elisheva Joelson, Niko Gonzalvo, Kwynn Carrillo, Giuliana Calderon, Lyla Alvarado, Bassem Khalaf, Mia Salvemini, Jonathan Rojas, Sunny Sypkens, Mady Snyder, Andrew Thao, Madelyn Murdock, Audrey Berg, Rylee Yetka, Damarion Vann-kelly, Kymani Fenika, Zeke Volger, Ashley W, Zoie Alves, Chloe Martz, Amir Carraway, Grace Carollo, Selena Rodriguez-rosales, Aiden Paul (a.p.) Barte, Suhir Haranay, Scott Kong, Makayla Webster, Sophia Sampson, Emma Sumner, Matthias Hudson, Avery Moore, Jayden Sagaral, Mathew O, Terry Fletcher, Aden Lee, Luke Elken, Kate Bousfield, Grant Carr, Isaiah Mckee, Rahim B, Connor Rix, Jack Reiser, Matthew Devin Del Pozo, Ethan Strauch, Brielle Honebein, Justin Johnson, Devyn Huber, Annika Krause, Jonah Biron, John Michaelson Gatan, Cade Rucker, Blake Poelking, Chris Ring, Chloe Hargrove, Eden Cha, Taylor Crotsley, Riley Elliott, Blake Oldemeyer, Neel Chintaluri, Gabby Costantino, Jay Patterson, Elias Cannon, Merc Ubag, Emma Watkins, Tayli Paeu-lindgren, Mia Trujillo, Ryane Titus, Coach Tommy, Aidyn Messerli, Isaac Morris, Tyler Fulton-myers, Valerie Castillo, Lana Flaherty, Devyn Mcdonald Ii, Cooper Fleischmann, Cameron Walls, Taumaia Mulitalo, Harrison Lucchesi, Tiana Rangchi, Zaid Sharif, Logan Delmundo, Darian Alvarez, Alyssa Miranda, Ella Burster, Julien Weaver, Lukas Parada Hercules, Jen Merri, Scarlett Kaeser, Keegan Ladines, Samara Groudan, Ellie Carpenter, Julia Fuentes, Jemima Batiratu, Melenaite Latu, Adi Hoffman, Husam Brohi, Ashley Thompson, Raegan Kucserka, Camden Kallhoff, Yifu Liu, Stephanie Gomez, Maddox Hughes, Kaylyn M, Savanna Ard, Copland Sanford, Shivesh Chitikeshi, Kara Le, Katy Solorzano, Devin Davis, Maya Vega, Logan Hall, Olivia Labia, Jake M, Gabriella Ashley, Rob Mccoy, Brighton Shepherd, Camdyn Fletcher, Brooklynn Bates, Eben Jeffries, Emma Lucchesi, Drew Bennett, Magnus Thoreson, Ali Arceo, Eva Anderson, Veronica White, Devin K, Abigail Swift, Jack Degraff, Isis Castille, Ilona Filippini, Hayden Haber, Khloe Wong, Karl L, Sawyer Carey, Joie Dickerson, Mila Le, Marshall Fat, Tessa Schouten, Brenda Ton, Zachary Maples, Lillian Rix, Noah Braun, Morgan Scroggins, Yash Randhawa, Edan Cohen, Zaiya Flinn-espinosa, Jordan Williams, Richie Cooper, Finn Mcneish, Carlos Oliva, Grace Sabbagh, Emma Koller, Jack Shea, Sophia Palmeri, Zo Davis, Lulu Boito, Matthew Barbusca, Erik Ringelberg, Sammie Campbell, Adriana Dorn, Victorv, Brandon Waller, Landon Levesque, Caden Darling, Molly Wheeler, Sam Chi, Simone Huarte, Hayden Tran, Caitlyn Pham, Sophia Brennan, Allison Frank, Lily Ghazanfari, Nick B, Bhar Chintaluri, Lauren Anders, Jt Montgomery, Ava Roa, Dylan Caballero, Nolan Her, Sydney Wallin, Elijah Seth Custodio, Adriana Movsesian, Tilli Lagrande, Emily Simpson, Isabella Archdeacon, Izzy Hidenrick, Miley Cooper, Hunter P, Matt Coleman, Ava Sullivan, Avery Krebill, Taylyn Young, Diego Chavez, Steven Beeny, Kardell Dowdle Gutierrez, Ava Berry, Daniela Ruiz, Ella Beachell, Clinton Myers, Sarah H, Cisco Guevara, Wais Omaryar, Charlie Hodge, Megan Munson, Rylan Tucker, Claire Goulding, Joseph Ferguson, Keyanah Wilson, Neelagreev Chintaluri, Alexander Pendleton, Kenney Reprado, Genevieve Aldana, Namish Dondapati, Isabella Garma-murphy, Tama Clement, Cole Ingram, Aaron Nguyen, Jeremy Elmas, Colton Kapicka, Juan O, Steven L, Juliana Van Boxtel, Tyler Caballero, Marissa Padedes, Coach Cam, Montana Newsom, Alyssa Becze, Alanna Selvey, Chloe Martinez, Roman Lacson, Andre Waller, Zaylie Johnson, Milan Schwarzinger, Aidan Nguyen, Pious Muricken, Emily Bistrup, Max B, Aiden T, Jordyn Bowman, Chloe Johnson, Kyle Sing, Brielle Pagtakhan, Alex A, Harrison Houser, Rebekah Cabral, Addison Smith, Jackson Reynolds, Evan Nguyen, Keane Chace Lucero, Wesley Wakabayashi, Travis Vandeluyster, Grace Poort, Sofia Mcevilly, Matthew Francesconi, Joshua Hmun, Ron Agebsar, Zoe Hieb, Lariah Thomas, Lillian Lawson, Grace Shoultz, Keliah Gregg, Sutter Swope, Grace Hussey, Claire Bowman, Davis F, Bella Bollinger, Charlotte Blair, Isabella Hernandez, Landon Hernandez, Grace Biery, Philipp Morozov, Addison Quintrall, Madison Pham, Abby M, Kaleigh Morasci, Derek Hobart, Livy Carlile, Lili Haddad, Brittany Statham, Morgan Hayes, Soloman Hillman, Makaylin Santos, Deborah Makama, Makai Edgell, Vincentb, Katsuya S, Gavin Macalma, Kirby Q, Coach Kam, Alex Kalmbach, Maddison Jackson, Matthew Guernsey, Emerson Crews, Koji Fidel, Madeline Dall Parker, Sri Vasudevan, Ashlyn Arellano, Zacariah Myers, Linnae Maroon, Gabe, Sawyer Mccarley, Madalyn Foster, Javier Ramirez, Rebècca Tripp, John A, Aadhityan Elangovan, Zoe Liebel, Hadassah Makama, Madeline Seabury, Zachary Corpus, Aubrey Tripp, Madi Fowler, Piper Olson, J Nguyen, Taylor Rice, Calista Graeber, Leila Zarrinnam, Ryan Sypkens, Nolan Nguyen, Trey Lang, Kevin R, Bryan Lie, Albert Torres, Jenna Cartwright, Brynn Bohn, Ariana Hosseini, Kendahl Yarber, Kaleb G, Sophie Rice, London Forbes, Harish Parameswaran, Coach Trent, Brynley Magley, Isabella Stafford, Gianna Brunie, Audrey Lloyd, Brent Tran, Lianna Bantique, Guy Sayfan, Aniyah Fayne, Elliott Schwartz, Emma Del Agua, Allison Macdonald, Ava Pabalate, Jess Ortiz, Bailey Rutledge, Adam Saeteun, Lexi Smith, Chloe Nelson, Steven C, Maile Arca, Ashley Chiong, Sergio Fuentes, Isla Gonzales, Pelenani Danielson, Brianna Prichard, Yesenia Peralta, Declan Dixon, Mackenzie Murphy, Brayden Ortega, Avery Del Castillo, April Lutolf, Kaamil Adoni Mohammed, Savannah Santens, Arianna Taguinod, Avery Jones, Lauren Korver, Amelia Huetter, Lila Richins, Delaney Dixon, Dave C, Acacia Loftis, Ella Rose, Ian Holvick, Enesi Tuufuli, Rylan Nettleton, Julissa Sandoval, Mia Ditlevsen, Kadence Gruenholz, Audrina Miciano, Oliver Goulding, shauna nguyen, Paul B, Asher Nguyen, Cadence Hoyt, Kailey Henkel, Kameron Warrens, Jaden Biron, Kyle Beckett, Brooklyn Graham, Desmond Barthel, Andrew Palackalody, Avery Masters, Lauren Rowe, Arush Jijo Maliyakal, Jackson Carter, Lily Uecker, Caty Cordano, Mia Ruiz, Ryann Rosales, Delaney Townsend, Clemente O, Gabriel Deguzman, Xavier Francois, Ella Julien, Stefan Stratan, Chris R, Talmage Wigginton, Codi Bunch, Alli Powell, Sean C, Abigail Mezhibovsky, Jazmin Ojo, Kaleb Yang, Londyn Welcher, Reese Bettleyon, Kiki Liebig, Bradon Karnes, Edgar Ordaz, Ava Banks, Moses Tsera, Evan Yoon, Carley Glenn, Mailani Decelle, Isabel Stevenson, Dave Pabalate, Maddie Murphy, Scarlett Urias, Stella Shepard, Camrynn Loveall, Natalya Rahban, Jackson S, Ruby Reynolds, Precious Omini, Kapri Orteza, Nathanael Williams, Kynlie Larson, Sophia Bernabe, Blake Tsang, Sydney Chow, Lily Hayes, Hacdlee Gray, Riley Smith, Victoria Ke..ed, Emily Alfsen, Malia Fat, Jojo T, Jonathan Truong, Orion Tomada, Ben Roseborough, Camryn White, Allen Militante, Daphne Pannell, Kara Foster, Keira Engman, Alex C, Betsy Woodman, Meigan Puckett-banks[39m[0m[0m[22m[23m[24m[27m[28m[29m[39m[49m
[1m[1m[38;5;34mSUCCESS[39m[1m[0m[0m[1m[23m[24m[27m[28m[29m[39m[49m[22m [[3m2025-01-16 07:25:12[23m] [38;5;248mhawkinR/get_athletes -> 742 athletes returned[39m[0m[0m[22m[23m[24m[27m[28m[29m[39m[49m
[1m[0mINFO[0m[1m[23m[24m[27m[28m[29m[39m[49m[0m[0m[1m[23m[24m[27m[28m[29m[39m[49m[22m [[3m2025-01-16 07:26:22[23m] [38;5;246mAttempting to sign in user with email: info@btgphysicaltherapy.com[39m[0m[0m[22m[23m[24m[27m[28m[29m[39m[49m
[1m[0mINFO[0m[1m[23m[24m[27m[28m[29m[39m[49m[0m[0m[1m[23m[24m[27m[28m[29m[39m[49m[22m [[3m2025-01-16 07:26:22[23m] [38;5;246mUser signed in successfully: info@btgphysicaltherapy.com[39m[0m[0m[22m[23m[24m[27m[28m[29m[39m[49m
[1m[1m[38;5;34mSUCCESS[39m[1m[0m[0m[1m[23m[24m[27m[28m[29m[39m[49m[22m [[3m2025-01-16 07:26:24[23m] [38;5;248mhawkinR/get_access -> Your access token was recieved and stored for use by other hawkinR functions. Your token will expire at 2025-01-16 08:26:24[39m[0m[0m[22m[23m[24m[27m[28m[29m[39m[49m
[1m[1m[38;5;34mSUCCESS[39m[1m[0m[0m[1m[23m[24m[27m[28m[29m[39m[49m[22m [[3m2025-01-16 07:26:34[23m] [38;5;248mhawkinR/get_athletes -> 742 athletes returned[39m[0m[0m[22m[23m[24m[27m[28m[29m[39m[49m
